ca_path,ca_status,ca_kind,ca_title,gsc_clicks_3mo,gsc_impr_3mo,com_target,match,score,note
/,200,wp-page,St. Clair Cannabis | Cannabis Store &amp; Delivery in Toronto,489,9917,https://stclaircannabis.com,exact,,homepage
/product/goober-vape-pen-1g/,200,product,Goober Vape Pen 1g | Vapes Cannabis Toronto | St. Clair,13,260,https://stclaircannabis.com/items/vapes,category,,no same product on .com; Vapes from .ca title
/product/mike-tyson-ko-super-exotics/,200,product,Mike Tyson Ko *super Exotics* | St. Clair Cannabis Toronto,5,69,https://stclaircannabis.com/flower/mike-tyson-ko-super-exotics,exact,,same product on .com (mike-tyson-ko-super-exotics)
/product/zyn-nicotine-pouches/,200,product,ZYN Nicotine Pouches | St. Clair Cannabis Toronto,4,37,https://stclaircannabis.com/item/zyn-nicotine-pouches,exact,,same product on .com (zyn-nicotine-pouches)
/product/mike-tyson-og/,200,product,Mike Tyson Og | Exotic Cannabis Toronto | St. Clair,4,28,https://stclaircannabis.com/exotic-weed,category,,no same product on .com; tier from .ca title
/product/platinum-tuna/,200,product,Platinum Tuna | Premium Cannabis Toronto | St. Clair,4,7,https://stclaircannabis.com/flower/platinum-tuna,exact,,same product on .com (platinum-tuna)
/product/mk-ultra/,200,product,MK Ultra | AAA+ Cannabis Toronto | St. Clair,4,6,https://stclaircannabis.com/aaa-weed,category,,no same product on .com; tier from .ca title
/product/ovns-2500-5-2-5k-puffs/,200,product,Ovns 2500 – 5% | 2.5K Puffs | Weed Shop Toronto | St. Clair,3,45,https://stclaircannabis.com/item/ovns-10000-5-10k-puffs-nvape,close,,"same strain/product, variant/size name on .com (ovns-10000-5-10k-puffs-nvape); review"
/product/mindfck-choco-8000mg/,200,product,Mindf*ck Choco 8000mg | Weed Shop Toronto | St. Clair,3,44,https://stclaircannabis.com/item/mindfck-choco-8000mg,exact,,same product on .com (mindfck-choco-8000mg)
/product/khalifa-kush/,200,product,Khalifa Kush | AAA+ Cannabis Toronto | St. Clair,3,32,https://stclaircannabis.com/aaa-weed,category,,no same product on .com; tier from .ca title
/product/drizzle-lean-thc-syrup/,200,product,Drizzle Lean THC Syrup | Weed Shop Toronto | St. Clair,3,18,https://stclaircannabis.com/items/edibles,category,,no same product on .com; category from slug keywords
/product/2g-dual-chamber-goober-vape-pen/,200,product,2g Dual Chamber Goober Vape Pen | St. Clair Cannabis Toronto,3,17,https://stclaircannabis.com/items/vapes,category,,no same product on .com; category from slug keywords
/product/jungle-juice/,200,product,Jungle Juice | AA Cannabis Toronto | St. Clair,2,25,https://stclaircannabis.com/aa-weed,category,,no same product on .com; tier from .ca title
/product/northern-lights/,200,product,Northern Lights | AAA+ Cannabis Toronto | St. Clair,2,10,https://stclaircannabis.com/flower/northern-lights-shreds,close,,"same strain/product, variant/size name on .com (northern-lights-shreds); review"
/product/pink-rozay/,200,product,Pink Rozay | AAA+ Cannabis Toronto | St. Clair,2,8,https://stclaircannabis.com/aaa-weed,category,,no same product on .com; tier from .ca title
/product/thunder-fck/,200,product,Thunder FCK | Premium Cannabis Toronto | St. Clair,2,6,https://stclaircannabis.com/premium-weed,category,,no same product on .com; tier from .ca title
/product/bluefin-tuna/,200,product,Bluefin Tuna | Exotic Cannabis Toronto | St. Clair,2,5,https://stclaircannabis.com/exotic-weed,category,,no same product on .com; tier from .ca title
/product/chocolope-kush/,200,product,Chocolope Kush | AA Cannabis Toronto | St. Clair,2,5,https://stclaircannabis.com/aa-weed,category,,no same product on .com; tier from .ca title
/product/stoner-patch/,200,product,Stoner PATCH | Cannabis Cannabis Toronto | St. Clair,2,5,https://stclaircannabis.com/item/stoner-patch,exact,,same product on .com (stoner-patch)
/product/grease-monkey/,200,product,Grease Monkey | AAA+ Cannabis Toronto | St. Clair,2,4,https://stclaircannabis.com/aaa-weed,category,,no same product on .com; tier from .ca title
/product/strawberry-cough/,200,product,Strawberry Cough | AAA+ Cannabis Toronto | St. Clair,2,3,https://stclaircannabis.com/aaa-weed,category,,no same product on .com; tier from .ca title
/product/black-gas/,200,product,Black Gas | Premium Cannabis Toronto | St. Clair,2,2,https://stclaircannabis.com/premium-weed,category,,no same product on .com; tier from .ca title
/product/grabba/,200,product,Grabba | Cannabis Cannabis Toronto | St. Clair,1,68,https://stclaircannabis.com/item/grabba,exact,,same product on .com (grabba)
/product/shatter-chews-150-mg/,200,product,Shatter Chews 150 mg | Cannabis Toronto | St. Clair Cannabis,1,49,https://stclaircannabis.com/item/shatter-chews-150-mg,exact,,same product on .com (shatter-chews-150-mg)
/product/drizzle-dispo-vape-1g/,200,product,Drizzle Dispo Vape 1g | Vapes Cannabis Toronto | St. Clair,1,22,https://stclaircannabis.com/items/vapes,category,,no same product on .com; Vapes from .ca title
/product/pineapple-express/,200,product,Pineapple Express | AAA+ Cannabis Toronto | St. Clair,1,17,https://stclaircannabis.com/aaa-weed,category,,no same product on .com; tier from .ca title
/product/geek-supreme-60000-5-60k-puffs-many-flavors/,200,product,Geek Supreme 60000 – 5% | 60K Puffs | Many Flavors | St…,1,15,https://stclaircannabis.com/items/vape-disposables,category,,no same product on .com; vape from .ca title
/product/bruce-banner/,200,product,Bruce Banner | Exotic Cannabis Toronto | St. Clair,1,14,https://stclaircannabis.com/exotic-weed,category,,no same product on .com; tier from .ca title
/product/mango-haze/,200,product,Mango Haze | AAA+ Cannabis Toronto | St. Clair,1,13,https://stclaircannabis.com/aaa-weed,category,,no same product on .com; tier from .ca title
/product/1-5-goober-thc-vape-pens/,200,product,1.5 Goober THC Vape Pens | Weed Shop Toronto | St. Clair,1,12,https://stclaircannabis.com/items/vapes,category,,no same product on .com; category from slug keywords
/product/chemdawg/,200,product,Chemdawg | AAA+ Cannabis Toronto | St. Clair,1,11,https://stclaircannabis.com/aaa-weed,category,,no same product on .com; tier from .ca title
/product/happy-dad-6mgx20-nicotine-pouches/,200,product,HAPPY DAD 6MGx20 NICOTINE POUCHES | St. Clair Cannabis,1,11,https://stclaircannabis.com/items/add-ons,category,,no same product on .com; category from slug keywords
/product/donnie-burger/,200,product,Donnie Burger | Exotic Cannabis Toronto | St. Clair,1,10,https://stclaircannabis.com/exotic-weed,category,,no same product on .com; tier from .ca title
/product/wesley-tea/,200,product,Wesley Tea | Beverages Cannabis Toronto | St. Clair,1,10,https://stclaircannabis.com/items/edibles,category,,no same product on .com; category from slug keywords
/product/jack-herer/,200,product,Jack Herer | Exotic Cannabis Toronto | St. Clair,1,9,https://stclaircannabis.com/exotic-weed,category,,no same product on .com; tier from .ca title
/product/king-louis-xiii/,200,product,King Louis Xiii | Premium Cannabis Toronto | St. Clair,1,9,https://stclaircannabis.com/flower/king-louis-xiii,exact,,same product on .com (king-louis-xiii)
/product/skunk-kush/,200,product,Skunk Kush | Budget Cannabis Toronto | St. Clair,1,9,https://stclaircannabis.com/budget-weed,category,,no same product on .com; tier from .ca title
/product/afghan-hash/,200,product,Afghan Hash | Concentrates Cannabis Toronto | St. Clair,1,8,https://stclaircannabis.com/item/new-afghan-hash,close,,"same strain/product, variant/size name on .com (new-afghan-hash); review"
/product/birthday-cake/,200,product,Birthday Cake | Premium Cannabis Toronto | St. Clair,1,7,https://stclaircannabis.com/premium-weed,category,,no same product on .com; tier from .ca title
/product/purple-space-queen/,200,product,Purple Space Queen | Exotic Cannabis Toronto | St. Clair,1,7,https://stclaircannabis.com/exotic-weed,category,,no same product on .com; tier from .ca title
/product/10-x-premium-mix-cigarettes/,200,product,10 x Premium Mix Cigarettes | Weed Shop Toronto | St. Clair,1,6,https://stclaircannabis.com/premium-weed,category,,no same product on .com; tier from .ca title
/product/blackberry-kush-ltd-bag/,200,product,Blackberry Kush LTD Bag | Weed Shop Toronto | St. Clair,1,6,https://stclaircannabis.com,weak,,"flower with no tier on .ca (LTD bag, $0) -> homepage flower menu"
/product/laughing-buddha-1g-sat-pre-roll/,200,product,Laughing Buddha 1g Sat Pre-Roll | St. Clair Cannabis Toronto,1,6,https://stclaircannabis.com/item/laughing-buddha-1g-sat-pre-roll,exact,,same product on .com (laughing-buddha-1g-sat-pre-roll)
/product/pink-godfather-og-1g-ind-pre-roll/,200,product,Pink Godfather Og 1g Ind Pre-Roll | St. Clair Cannabis,1,6,https://stclaircannabis.com/item/pink-godfather-og-1g-ind-pre-roll,exact,,same product on .com (pink-godfather-og-1g-ind-pre-roll)
/product/pink-yoda/,200,product,Pink Yoda | Premium Cannabis Toronto | St. Clair,1,6,https://stclaircannabis.com/premium-weed,category,,no same product on .com; tier from .ca title
/product/thc-syrup-500mg/,200,product,THC Syrup 500mg | Cannabis Cannabis Toronto | St. Clair,1,6,https://stclaircannabis.com/items/edibles,category,,no same product on .com; category from slug keywords
/product/tripnotik-choco-5000mg/,200,product,Tripnotik Choco 5000mg | Weed Shop Toronto | St. Clair,1,6,https://stclaircannabis.com/item/tripnotik-choco-5000mg,exact,,same product on .com (tripnotik-choco-5000mg)
/product/black-tuna/,200,product,Black Tuna | AAA+ Cannabis Toronto | St. Clair,1,5,https://stclaircannabis.com/aaa-weed,category,,no same product on .com; tier from .ca title
/product/pink-tuna/,200,product,Pink Tuna | Exotic Cannabis Toronto | St. Clair,1,5,https://stclaircannabis.com/flower/pink-tuna,exact,,same product on .com (pink-tuna)
/product/pink-wagyu-star-ltd-bag/,200,product,Pink Wagyu Star LTD Bag | Weed Shop Toronto | St. Clair,1,5,https://stclaircannabis.com,weak,,"flower with no tier on .ca (LTD bag, $0) -> homepage flower menu"
/product/critical-kush-ltd-bag/,200,product,Critical Kush LTD Bag | AA Cannabis Toronto | St. Clair,1,4,https://stclaircannabis.com/aa-weed,category,,no same product on .com; tier from .ca title
/product/galaxy-gummies-6000mg/,200,product,Galaxy Gummies 6000mg | Edibles Cannabis Toronto | St. Clair,1,4,https://stclaircannabis.com/item/galaxy-gummies-6000mg,exact,,same product on .com (galaxy-gummies-6000mg)
/product/london-poundcake/,200,product,London Poundcake | Budget Cannabis Toronto | St. Clair,1,4,https://stclaircannabis.com/budget-weed,category,,no same product on .com; tier from .ca title
/product/pink-god/,200,product,Pink God | Premium Cannabis Toronto | St. Clair,1,4,https://stclaircannabis.com/premium-weed,category,,no same product on .com; tier from .ca title
/product/pink-jet-fuel/,200,product,Pink Jet Fuel | AA Cannabis Toronto | St. Clair,1,4,https://stclaircannabis.com/aa-weed,category,,no same product on .com; tier from .ca title
/product/grabba-redrose-redherring/,200,product,GRABBA RedRose / RedHerring | Weed Shop Toronto | St. Clair,1,3,https://stclaircannabis.com/item/grabba-redrose-redherring,exact,,same product on .com (grabba-redrose-redherring)
/product/dank-choco-bar-1500mg/,200,product,Dank Choco Bar 1500mg | Weed Shop Toronto | St. Clair,1,2,https://stclaircannabis.com/item/dank-choco-bar-1500mg,exact,,same product on .com (dank-choco-bar-1500mg)
/product/drizzle-delta-d9/,200,product,Drizzle Delta D9 | Cannabis Cannabis Toronto | St. Clair,1,2,https://stclaircannabis.com/items/vapes,category,,no same product on .com; category from slug keywords
/product/drizzle-diamond-pre-rolls-1g/,200,product,Drizzle Diamond Pre-Rolls 1g | Weed Shop Toronto | St. Clair,1,2,https://stclaircannabis.com/items/prerolls,category,,no same product on .com; category from slug keywords
/product/kosher-kush/,200,product,Kosher Kush | AAA+ Cannabis Toronto | St. Clair,1,2,https://stclaircannabis.com/aaa-weed,category,,no same product on .com; tier from .ca title
/product/amneisa-haze/,200,product,Amneisa Haze | Premium Cannabis Toronto | St. Clair,1,1,https://stclaircannabis.com/premium-weed,category,,no same product on .com; tier from .ca title
/product/cosmic-sativa/,200,product,Cosmic Sativa | AA Cannabis Toronto | St. Clair,1,1,https://stclaircannabis.com/aa-weed,category,,no same product on .com; tier from .ca title
/product/lavender-kush/,200,product,Lavender Kush | Budget Cannabis Toronto | St. Clair,1,1,https://stclaircannabis.com/flower/lavender-kush,exact,,same product on .com (lavender-kush)
/product/ovns-disposable-5-8ml-many-flavors/,200,product,Ovns Disposable – 5% | 8ml | Many Flavors | St. Clair…,1,1,https://stclaircannabis.com/item/ovns-disposable-5-8ml-many-flavors-nvape,close,,"same strain/product, variant/size name on .com (ovns-disposable-5-8ml-many-flavors-nvape); review"
/product/pink-alien/,200,product,Pink Alien | Exotic Cannabis Toronto | St. Clair,1,1,https://stclaircannabis.com/exotic-weed,category,,no same product on .com; tier from .ca title
/product/pink-death-star/,200,product,Pink Death Star | Premium Cannabis Toronto | St. Clair,1,1,https://stclaircannabis.com/premium-weed,category,,no same product on .com; tier from .ca title
/product/pink-zombie/,200,product,Pink Zombie | AAA+ Cannabis Toronto | St. Clair,1,1,https://stclaircannabis.com/aaa-weed,category,,no same product on .com; tier from .ca title
/product/vanilla-ice-kush/,200,product,Vanilla Ice Kush | AA Cannabis Toronto | St. Clair,1,1,https://stclaircannabis.com/aa-weed,category,,no same product on .com; tier from .ca title
/product/og-kush/,200,product,Og Kush | Budget Cannabis Toronto | St. Clair,0,60,https://stclaircannabis.com/flower/og-kush-aa,close,,"same strain/product, variant/size name on .com (og-kush-aa); review"
/product/godfather-og/,200,product,Godfather Og | Exotic Cannabis Toronto | St. Clair,0,23,https://stclaircannabis.com/exotic-weed,category,,no same product on .com; tier from .ca title
/product/white-widow/,200,product,White Widow | AAA+ Cannabis Toronto | St. Clair,0,12,https://stclaircannabis.com/aaa-weed,category,,no same product on .com; tier from .ca title
/product/granddaddy-purple/,200,product,Granddaddy Purple | AA Cannabis Toronto | St. Clair,0,11,https://stclaircannabis.com/flower/grandaddy-purple-shreds,close,,"same strain/product, variant/size name on .com (grandaddy-purple-shreds); review"
/product/canadian-classics-original/,200,product,Canadian Classics Original | Weed Shop Toronto | St. Clair,0,10,https://stclaircannabis.com/item/canadian-classics-original,exact,,same product on .com (canadian-classics-original)
/product/gary-payton/,200,product,Gary Payton | AAA+ Cannabis Toronto | St. Clair,0,9,https://stclaircannabis.com/aaa-weed,category,,no same product on .com; tier from .ca title
/product/pink-bubba/,200,product,Pink Bubba | Premium Cannabis Toronto | St. Clair,0,9,https://stclaircannabis.com/premium-weed,category,,no same product on .com; tier from .ca title
/product/red-congolese/,200,product,Red Congolese | Exotic Cannabis Toronto | St. Clair,0,9,https://stclaircannabis.com/exotic-weed,category,,no same product on .com; tier from .ca title
/about/,200,wp-page,About St. Clair Cannabis — Toronto's 24-Hour Cannabis Shop on St. Clair West,0,8,https://stclaircannabis.com/weed-dispensary-toronto,close,,About page -> store/location landing page
/product/bb-full-carton/,200,product,BB Full Carton | Cannabis Cannabis Toronto | St. Clair,0,7,https://stclaircannabis.com/item/bb-full-carton,exact,,same product on .com (bb-full-carton)
/product/forbidden-fruits/,200,product,Forbidden Fruits | Premium Cannabis Toronto | St. Clair,0,7,https://stclaircannabis.com/premium-weed,category,,no same product on .com; tier from .ca title
/product/pink-glizzy/,200,product,Pink Glizzy | Premium Cannabis Toronto | St. Clair,0,7,https://stclaircannabis.com/premium-weed,category,,no same product on .com; tier from .ca title
/product/pink-phantom/,200,product,Pink Phantom | AAA+ Cannabis Toronto | St. Clair,0,7,https://stclaircannabis.com/aaa-weed,category,,no same product on .com; tier from .ca title
/pink-tomford/,200,post,PINK TOMFORD - St. Clair Cannabis,0,6,https://stclaircannabis.com/items/add-ons,category,,no same product on .com; category from slug keywords
/product/24k-gold/,200,product,24K Gold | Exotic Cannabis Toronto | St. Clair,0,6,https://stclaircannabis.com/exotic-weed,category,,no same product on .com; tier from .ca title
/product/canadian-goose-lights/,200,product,Canadian Goose Lights | Weed Shop Toronto | St. Clair,0,6,https://stclaircannabis.com/item/canadian-goose-lights,exact,,same product on .com (canadian-goose-lights)
/product/gorilla-glue%E2%9C%A8sale/,200,product,Gorilla Glue✨sale | AA Cannabis Toronto | St. Clair,0,6,https://stclaircannabis.com/flower/gorilla-glue-4,close,,"same strain/product, variant/size name on .com (gorilla-glue-4); review"
/product/blue-dream-sativa/,200,product,Blue Dream ( Sativa) | AA Cannabis Toronto | St. Clair,0,5,https://stclaircannabis.com/aa-weed,category,,no same product on .com; tier from .ca title
/product/mendo-breathe/,200,product,Mendo Breathe | Premium Cannabis Toronto | St. Clair,0,5,https://stclaircannabis.com/premium-weed,category,,no same product on .com; tier from .ca title
/product/pink-animal-1g-ind-pre-roll/,200,product,Pink Animal 1g Ind Pre-Roll | Weed Shop Toronto | St. Clair,0,5,https://stclaircannabis.com/item/pink-animal-1g-ind-pre-roll,exact,,same product on .com (pink-animal-1g-ind-pre-roll)
/product/zlab-zpods-assorted-2-ml/,200,product,Zlab Zpods Assorted 2 ml | Weed Shop Toronto | St. Clair,0,5,https://stclaircannabis.com/items/vapes,category,,no same product on .com; category from slug keywords
/dummy-bears/,200,post,DUMMY BEARS - St. Clair Cannabis,0,4,https://stclaircannabis.com/item/dummy-bears-200mg-2000mg-5000mg,close,,"same strain/product, variant/size name on .com (dummy-bears-200mg-2000mg-5000mg); review"
/product/blue-dream-sativa-ltd-bag/,200,product,Blue Dream ( Sativa) LTD Bag | Weed Shop Toronto | St. Clair,0,4,https://stclaircannabis.com,weak,,"flower with no tier on .ca (LTD bag, $0) -> homepage flower menu"
/product/canadian-lights/,200,product,Canadian Lights | Cannabis Cannabis Toronto | St. Clair,0,4,https://stclaircannabis.com/item/canadian-lights,exact,,same product on .com (canadian-lights)
/product/han-solo/,200,product,Han Solo | Exotic Cannabis Toronto | St. Clair,0,4,https://stclaircannabis.com/exotic-weed,category,,no same product on .com; tier from .ca title
/product/jealousy/,200,product,Jealousy | Exotic Cannabis Toronto | St. Clair,0,4,https://stclaircannabis.com/exotic-weed,category,,no same product on .com; tier from .ca title
/product/pink-bubblegum-ltd-bag/,200,product,Pink Bubblegum LTD Bag | Weed Shop Toronto | St. Clair,0,4,https://stclaircannabis.com,weak,,"flower with no tier on .ca (LTD bag, $0) -> homepage flower menu"
/product/pink-cookie-og/,200,product,Pink Cookie Og | AA Cannabis Toronto | St. Clair,0,4,https://stclaircannabis.com/aa-weed,category,,no same product on .com; tier from .ca title
/product/pink-northern-lights-shreds/,200,product,Pink Northern Lights (shreds) | St. Clair Cannabis Toronto,0,4,https://stclaircannabis.com/budget-weed,category,,no same product on .com; category from slug keywords
/product/pink-space-queen/,200,product,Pink Space Queen | Exotic Cannabis Toronto | St. Clair,0,4,https://stclaircannabis.com/exotic-weed,category,,no same product on .com; tier from .ca title
/product/purple-cookies/,200,product,Purple Cookies | AA Cannabis Toronto | St. Clair,0,4,https://stclaircannabis.com/aa-weed,category,,no same product on .com; tier from .ca title
/product/,200,wp-page,Products - St. Clair Cannabis,0,3,https://stclaircannabis.com,close,,.ca product archive -> .com menu (homepage is the menu)
/product/acapulco-gold/,200,product,Acapulco Gold | Budget Cannabis Toronto | St. Clair,0,3,https://stclaircannabis.com/budget-weed,category,,no same product on .com; tier from .ca title
/product/bc-kush/,200,product,BC Kush | AA Cannabis Toronto | St. Clair,0,3,https://stclaircannabis.com/aa-weed,category,,no same product on .com; tier from .ca title
/product/black-diamonds-%E2%9C%A8sale/,200,product,Black Diamonds ✨sale | AA Cannabis Toronto | St. Clair,0,3,https://stclaircannabis.com/aa-weed,category,,no same product on .com; tier from .ca title
/product/blue-god-ogs/,200,product,BLUE GOD OGs | Budget Cannabis Toronto | St. Clair,0,3,https://stclaircannabis.com/budget-weed,category,,no same product on .com; tier from .ca title
/product/cake-face/,200,product,Cake Face | Budget Cannabis Toronto | St. Clair,0,3,https://stclaircannabis.com/budget-weed,category,,no same product on .com; tier from .ca title
/product/elf-bar-ice-king-5-30k-puffs-many-flavors/,200,product,Elf Bar Ice King – 5% | 30K Puffs | Many Flavors | St…,0,3,https://stclaircannabis.com/items/vape-disposables,category,,no same product on .com; vape from .ca title
/product/geek-max-5-20k-30k-puffs-many-flavors/,200,product,Geek Max – 5% | 20k–30k Puffs | Many Flavors | St. Clair…,0,3,https://stclaircannabis.com/items/vape-disposables,category,,no same product on .com; vape from .ca title
/product/green-gelato-%E2%9C%A8sale/,200,product,Green Gelato ✨sale | AA Cannabis Toronto | St. Clair,0,3,https://stclaircannabis.com/aa-weed,category,,no same product on .com; tier from .ca title
/product/hash-on-sale-afgan-black-moroccan-turkish/,200,product,"Hash on Sale Afgan , Black Moroccan, Turkish | St. Clair…",0,3,https://stclaircannabis.com/items/concentrates,category,,no same product on .com; category from slug keywords
/product/la-confidential/,200,product,La Confidential | AA Cannabis Toronto | St. Clair,0,3,https://stclaircannabis.com/aa-weed,category,,no same product on .com; tier from .ca title
/product/o-pink/,200,product,O Pink | Premium Cannabis Toronto | St. Clair,0,3,https://stclaircannabis.com/flower/o-pink,exact,,same product on .com (o-pink)
/product/pink-chapo/,200,product,Pink Chapo | Premium Cannabis Toronto | St. Clair,0,3,https://stclaircannabis.com/premium-weed,category,,no same product on .com; tier from .ca title
/product/pink-gas/,200,product,Pink Gas | AAA+ Cannabis Toronto | St. Clair,0,3,https://stclaircannabis.com/flower/escobar-pink-gas,close,,"same strain/product, variant/size name on .com (escobar-pink-gas); review"
/product/purple-runtz/,200,product,Purple Runtz | AAA+ Cannabis Toronto | St. Clair,0,3,https://stclaircannabis.com/aaa-weed,category,,no same product on .com; tier from .ca title
/product/putters/,200,product,Putters | Cannabis Cannabis Toronto | St. Clair,0,3,https://stclaircannabis.com/item/putters,exact,,same product on .com (putters)
/product/stellar-gummies-500mg/,200,product,Stellar Gummies 500mg | Edibles Cannabis Toronto | St. Clair,0,3,https://stclaircannabis.com/item/stellar-gummies-500mg,exact,,same product on .com (stellar-gummies-500mg)
/product/breeze-2000-5-2k-puffs/,200,product,Breeze 2000 – 5% | 2K Puffs | Weed Shop Toronto | St. Clair,0,2,https://stclaircannabis.com/items/vape-disposables,category,,no same product on .com; vape from .ca title
/product/canadian-classics-silver/,200,product,Canadian Classics Silver | Weed Shop Toronto | St. Clair,0,2,https://stclaircannabis.com/item/canadian-classics-silver,exact,,same product on .com (canadian-classics-silver)
/product/cocobar-5-12k-puffs/,200,product,Cocobar – 5% | 12K Puffs | Weed Shop Toronto | St. Clair,0,2,https://stclaircannabis.com/items/vape-disposables,category,,no same product on .com; vape from .ca title
/product/daydream-diesel/,200,product,Daydream Diesel | AA Cannabis Toronto | St. Clair,0,2,https://stclaircannabis.com/flower/daydream-diesel,exact,,same product on .com (daydream-diesel)
/product/deadly-moonrock-preroll/,200,product,Deadly Moonrock Preroll | Weed Shop Toronto | St. Clair,0,2,https://stclaircannabis.com/items/prerolls,category,,no same product on .com; category from slug keywords
/product/death-bubba/,200,product,Death Bubba | Premium Cannabis Toronto | St. Clair,0,2,https://stclaircannabis.com/premium-weed,category,,no same product on .com; tier from .ca title
/product/frosted-cookies/,200,product,Frosted Cookies | AA Cannabis Toronto | St. Clair,0,2,https://stclaircannabis.com/aa-weed,category,,no same product on .com; tier from .ca title
/product/ice-cream-vanilla/,200,product,Ice Cream Vanilla | AA Cannabis Toronto | St. Clair,0,2,https://stclaircannabis.com/aa-weed,category,,no same product on .com; tier from .ca title
/product/jack-herer-ltd-bag/,200,product,Jack Herer LTD Bag | Exotic Cannabis Toronto | St. Clair,0,2,https://stclaircannabis.com/exotic-weed,category,,no same product on .com; tier from .ca title
/product/level-x-boost-g2-device-kit/,200,product,Level X Boost G2 device kit | St. Clair Cannabis Toronto,0,2,https://stclaircannabis.com/items/vapes,category,,no same product on .com; category from slug keywords
/product/mindfck-gummies-bar-5000mg/,200,product,Mindf*ck Gummies Bar 5000mg | Weed Shop Toronto | St. Clair,0,2,https://stclaircannabis.com/item/mindfck-gummies-bar-5000mg,exact,,same product on .com (mindfck-gummies-bar-5000mg)
/product/nyc-sour-diesel/,200,product,NYC Sour Diesel | AA Cannabis Toronto | St. Clair,0,2,https://stclaircannabis.com/aa-weed,category,,no same product on .com; tier from .ca title
/product/oreo-cookies/,200,product,Oreo Cookies | AA Cannabis Toronto | St. Clair,0,2,https://stclaircannabis.com/aa-weed,category,,no same product on .com; tier from .ca title
/product/pink-astro/,200,product,Pink Astro | Exotic Cannabis Toronto | St. Clair,0,2,https://stclaircannabis.com/exotic-weed,category,,no same product on .com; tier from .ca title
/product/pink-death/,200,product,Pink Death | Premium Cannabis Toronto | St. Clair,0,2,https://stclaircannabis.com/premium-weed,category,,no same product on .com; tier from .ca title
/product/pink-diablo/,200,product,Pink Diablo | Premium Cannabis Toronto | St. Clair,0,2,https://stclaircannabis.com/premium-weed,category,,no same product on .com; tier from .ca title
/product/pink-gelato-shreds/,200,product,PINK GELATO Shreds | Budget Cannabis Toronto | St. Clair,0,2,https://stclaircannabis.com/flower/pink-gelato,close,,"same strain/product, variant/size name on .com (pink-gelato); review"
/product/pink-gooey-frost/,200,product,Pink Gooey Frost | Exotic Cannabis Toronto | St. Clair,0,2,https://stclaircannabis.com/exotic-weed,category,,no same product on .com; tier from .ca title
/product/pink-hellfire/,200,product,Pink Hellfire | Exotic Cannabis Toronto | St. Clair,0,2,https://stclaircannabis.com/exotic-weed,category,,no same product on .com; tier from .ca title
/product/pink-lizards/,200,product,Pink Lizards | Premium Cannabis Toronto | St. Clair,0,2,https://stclaircannabis.com/flower/pink-lizard,close,,"same strain/product, variant/size name on .com (pink-lizard); review"
/product/pink-starkiller/,200,product,Pink Starkiller | Exotic Cannabis Toronto | St. Clair,0,2,https://stclaircannabis.com/exotic-weed,category,,no same product on .com; tier from .ca title
/product/purple-dream-sh/,200,product,Purple Dream (SH) | AAA+ Cannabis Toronto | St. Clair,0,2,https://stclaircannabis.com/aaa-weed,category,,no same product on .com; tier from .ca title
/product/purple-skunk/,200,product,Purple Skunk | Exotic Cannabis Toronto | St. Clair,0,2,https://stclaircannabis.com/flower/purple-skunk,exact,,same product on .com (purple-skunk)
/product/resin-tag-along-2g-hybrid-ind-sat/,200,product,"Resin Tag Along 2g Hybrid, Ind, Sat | St. Clair Cannabis",0,2,https://stclaircannabis.com/items/concentrates,category,,no same product on .com; category from slug keywords
/product/skunk-ape-shreds/,200,product,SKUNK APE Shreds | Budget Cannabis Toronto | St. Clair,0,2,https://stclaircannabis.com/budget-weed,category,,no same product on .com; tier from .ca title
/product/time-full/,200,product,Time Full | Cannabis Cannabis Toronto | St. Clair,0,2,https://stclaircannabis.com/item/time-full,exact,,same product on .com (time-full)
/sample-page/,200,wp-page,Sample Page - St. Clair Cannabis,0,2,https://stclaircannabis.com,weak,,"WP default page, no equivalent"
/flower/pink-atomic-bomb,301,legacy-gsc,,0,1,https://stclaircannabis.com/flower/pink-atomic-bomb,exact,,legacy GSC URL; same path exists on .com
/flower/pink-atomic-bomb-3g-30-5g-45,404,legacy-gsc,,0,1,https://stclaircannabis.com/flower/pink-atomic-bomb,close,,legacy GSC URL (404 on .ca)
/product/bb-lights-carton/,200,product,BB Lights Carton | Cannabis Cannabis Toronto | St. Clair,0,1,https://stclaircannabis.com/item/bb-lights-carton,exact,,same product on .com (bb-lights-carton)
/product/belmont-ks-pack-only/,200,product,Belmont KS (pack Only) | Weed Shop Toronto | St. Clair,0,1,https://stclaircannabis.com/items/cigarettes,category,,no same product on .com; category from slug keywords
/product/black-jack-kush/,200,product,Black Jack Kush | AA Cannabis Toronto | St. Clair,0,1,https://stclaircannabis.com/aa-weed,category,,no same product on .com; tier from .ca title
/product/canadian-full/,200,product,Canadian Full | Cannabis Cannabis Toronto | St. Clair,0,1,https://stclaircannabis.com/item/canadian-full,exact,,same product on .com (canadian-full)
/product/canadian-goose-full/,200,product,Canadian Goose Full | Cannabis Cannabis Toronto | St. Clair,0,1,https://stclaircannabis.com/item/canadian-goose-full,exact,,same product on .com (canadian-goose-full)
/product/cherry-haze-sh/,200,product,Cherry Haze (SH) | AAA+ Cannabis Toronto | St. Clair,0,1,https://stclaircannabis.com/aaa-weed,category,,no same product on .com; tier from .ca title
/product/fcking-incredible/,200,product,Fcking Incredible | Premium Cannabis Toronto | St. Clair,0,1,https://stclaircannabis.com/premium-weed,category,,no same product on .com; tier from .ca title
/product/god-og/,200,product,God Og | AAA+ Cannabis Toronto | St. Clair,0,1,https://stclaircannabis.com/aaa-weed,category,,no same product on .com; tier from .ca title
/product/granddaddy-purple-ltd-bag/,200,product,Granddaddy Purple LTD Bag | AA Cannabis Toronto | St. Clair,0,1,https://stclaircannabis.com/flower/grandaddy-purple-shreds,close,,"same strain/product, variant/size name on .com (grandaddy-purple-shreds); review"
/product/icecream-cake/,200,product,Icecream Cake | AA Cannabis Toronto | St. Clair,0,1,https://stclaircannabis.com/aa-weed,category,,no same product on .com; tier from .ca title
/product/jackhaze/,200,product,Jackhaze | Exotic Cannabis Toronto | St. Clair,0,1,https://stclaircannabis.com/exotic-weed,category,,no same product on .com; tier from .ca title
/product/lemon-cherry-gelato/,200,product,Lemon Cherry Gelato | Premium Cannabis Toronto | St. Clair,0,1,https://stclaircannabis.com/premium-weed,category,,no same product on .com; tier from .ca title
/product/level-x-g2-pod/,200,product,Level X G2 pod | Vapes Cannabis Toronto | St. Clair,0,1,https://stclaircannabis.com/items/vapes,category,,no same product on .com; Vapes from .ca title
/product/master-kush/,200,product,Master Kush | AA Cannabis Toronto | St. Clair,0,1,https://stclaircannabis.com/flower/master-kush-aa,close,,"same strain/product, variant/size name on .com (master-kush-aa); review"
/product/mosmo-storm-x-5-10k-puffs/,200,product,Mosmo Storm-x – 5% | 10K Puffs | St. Clair Cannabis Toronto,0,1,https://stclaircannabis.com/items/vape-disposables,category,,no same product on .com; vape from .ca title
/product/motor-breathe/,200,product,Motor Breathe | Exotic Cannabis Toronto | St. Clair,0,1,https://stclaircannabis.com/exotic-weed,category,,no same product on .com; tier from .ca title
/product/peanutbutter-breathe/,200,product,Peanutbutter Breathe | AAA+ Cannabis Toronto | St. Clair,0,1,https://stclaircannabis.com/aaa-weed,category,,no same product on .com; tier from .ca title
/product/permanent-marker/,200,product,Permanent Marker | Exotic Cannabis Toronto | St. Clair,0,1,https://stclaircannabis.com/flower/pink-permanent-marker,close,,"same strain/product, variant/size name on .com (pink-permanent-marker); review"
/product/pink-atomic-bomb/,200,product,Pink Atomic Bomb | Premium Cannabis Toronto | St. Clair,0,1,https://stclaircannabis.com/flower/pink-atomic-bomb,exact,,same product on .com (pink-atomic-bomb)
/product/pink-bugatti/,200,product,Pink Bugatti | AAA+ Cannabis Toronto | St. Clair,0,1,https://stclaircannabis.com/aaa-weed,category,,no same product on .com; tier from .ca title
/product/pink-godzilla/,200,product,Pink Godzilla | Premium Cannabis Toronto | St. Clair,0,1,https://stclaircannabis.com/premium-weed,category,,no same product on .com; tier from .ca title
/product/pink-hindu-shreds/,200,product,PINK HINDU ( Shreds ) | Budget Cannabis Toronto | St. Clair,0,1,https://stclaircannabis.com/budget-weed,category,,no same product on .com; tier from .ca title
/product/pink-icky-sticky/,200,product,Pink Icky Sticky | Exotic Cannabis Toronto | St. Clair,0,1,https://stclaircannabis.com/flower/pink-icky-sticky,exact,,same product on .com (pink-icky-sticky)
/product/pink-kosher-kush/,200,product,Pink Kosher Kush | AAA+ Cannabis Toronto | St. Clair,0,1,https://stclaircannabis.com/aaa-weed,category,,no same product on .com; tier from .ca title
/product/pink-panties/,200,product,Pink Panties | Premium Cannabis Toronto | St. Clair,0,1,https://stclaircannabis.com/premium-weed,category,,no same product on .com; tier from .ca title
/product/pink-tom-gas/,200,product,Pink Tom Gas | AAA+ Cannabis Toronto | St. Clair,0,1,https://stclaircannabis.com/aaa-weed,category,,no same product on .com; tier from .ca title
/product/pink-velvet/,200,product,Pink Velvet | Exotic Cannabis Toronto | St. Clair,0,1,https://stclaircannabis.com/exotic-weed,category,,no same product on .com; tier from .ca title
/product/platinum-kush-og/,200,product,Platinum Kush Og | AA Cannabis Toronto | St. Clair,0,1,https://stclaircannabis.com/aa-weed,category,,no same product on .com; tier from .ca title
/product/purple-candy-land-ltd-bag/,200,product,Purple Candy Land LTD Bag | Weed Shop Toronto | St. Clair,0,1,https://stclaircannabis.com,weak,,"flower with no tier on .ca (LTD bag, $0) -> homepage flower menu"
/product/purple-gelato/,200,product,Purple Gelato | AAA+ Cannabis Toronto | St. Clair,0,1,https://stclaircannabis.com/aaa-weed,category,,no same product on .com; tier from .ca title
/product/quantum-kush/,200,product,Quantum Kush | AA Cannabis Toronto | St. Clair,0,1,https://stclaircannabis.com/aa-weed,category,,no same product on .com; tier from .ca title
/product/rainbow-kush/,200,product,Rainbow Kush | AAA+ Cannabis Toronto | St. Clair,0,1,https://stclaircannabis.com/aaa-weed,category,,no same product on .com; tier from .ca title
/product/rolled-gold-full/,200,product,Rolled Gold Full | Cannabis Cannabis Toronto | St. Clair,0,1,https://stclaircannabis.com/items/cigarettes,category,,no same product on .com; category from slug keywords
/product/sale-crown-bar-al-fakher-10k/,200,product,SALE CROWN BAR – AL FAKHER 10k | St. Clair Cannabis Toronto,0,1,https://stclaircannabis.com/items/edibles,category,,no same product on .com; category from slug keywords
/product/skywalker-kush/,200,product,Skywalker Kush | AA Cannabis Toronto | St. Clair,0,1,https://stclaircannabis.com/aa-weed,category,,no same product on .com; tier from .ca title
/product/slurricane/,200,product,Slurricane | AA Cannabis Toronto | St. Clair,0,1,https://stclaircannabis.com/flower/slurricane,exact,,same product on .com (slurricane)
/product/super-drip/,200,product,Super Drip | Premium Cannabis Toronto | St. Clair,0,1,https://stclaircannabis.com/flower/super-drip,exact,,same product on .com (super-drip)
/product/super-lemon/,200,product,Super Lemon | AAA+ Cannabis Toronto | St. Clair,0,1,https://stclaircannabis.com/aaa-weed,category,,no same product on .com; tier from .ca title
/product/toasted-strudel/,200,product,Toasted Strudel | Premium Cannabis Toronto | St. Clair,0,1,https://stclaircannabis.com/premium-weed,category,,no same product on .com; tier from .ca title
/product/tropical-queen-stv/,200,product,Tropical Queen (stv) | AAA+ Cannabis Toronto | St. Clair,0,1,https://stclaircannabis.com/aaa-weed,category,,no same product on .com; tier from .ca title
/product/tropicana-cookies/,200,product,Tropicana Cookies | AAA+ Cannabis Toronto | St. Clair,0,1,https://stclaircannabis.com/aaa-weed,category,,no same product on .com; tier from .ca title
/product/uwell-caliburn-pod/,200,product,Uwell Caliburn pod | Vapes Cannabis Toronto | St. Clair,0,1,https://stclaircannabis.com/items/vapes,category,,no same product on .com; Vapes from .ca title
/product/yoda-kush/,200,product,Yoda Kush | Budget Cannabis Toronto | St. Clair,0,1,https://stclaircannabis.com/budget-weed,category,,no same product on .com; tier from .ca title
/1001-bb-lights-carton/,301,attachment,,0,0,https://stclaircannabis.com/item/bb-lights-carton,exact,,attachment page: same product on .com (bb-lights-carton)
/1003-bb-full-carton/,301,attachment,,0,0,https://stclaircannabis.com/item/bb-full-carton,exact,,attachment page: same product on .com (bb-full-carton)
/1005-canadian-lights/,301,attachment,,0,0,https://stclaircannabis.com/item/canadian-lights,exact,,attachment page: same product on .com (canadian-lights)
/1006-canadian-full/,301,attachment,,0,0,https://stclaircannabis.com/item/canadian-full,exact,,attachment page: same product on .com (canadian-full)
/1008-putters/,301,attachment,,0,0,https://stclaircannabis.com/item/putters,exact,,attachment page: same product on .com (putters)
/1009-playfare-ultra-lights/,301,attachment,,0,0,https://stclaircannabis.com/items/cigarettes,category,,attachment page for .ca product /product/playfare-ultra-lights/ -> same target as that product (category)
/1011-canadian-goose-full/,301,attachment,,0,0,https://stclaircannabis.com/item/canadian-goose-full,exact,,attachment page: same product on .com (canadian-goose-full)
/1012-canadian-goose-lights/,301,attachment,,0,0,https://stclaircannabis.com/item/canadian-goose-lights,exact,,attachment page: same product on .com (canadian-goose-lights)
/1013-canadian-menthol/,301,attachment,,0,0,https://stclaircannabis.com/item/canadian-menthol,exact,,attachment page: same product on .com (canadian-menthol)
/1014-canadian-classics-original/,301,attachment,,0,0,https://stclaircannabis.com/item/canadian-classics-original,exact,,attachment page: same product on .com (canadian-classics-original)
/1015-canadian-classics-silver/,301,attachment,,0,0,https://stclaircannabis.com/item/canadian-classics-silver,exact,,attachment page: same product on .com (canadian-classics-silver)
/1016-rolled-gold-lights/,301,attachment,,0,0,https://stclaircannabis.com/item/rolled-gold-lights,exact,,attachment page: same product on .com (rolled-gold-lights)
/1017-nexus-full/,301,attachment,,0,0,https://stclaircannabis.com/item/nexus-full,exact,,attachment page: same product on .com (nexus-full)
/1018-nexus-lights/,301,attachment,,0,0,https://stclaircannabis.com/item/nexus-lights,exact,,attachment page: same product on .com (nexus-lights)
/1019-time-full/,301,attachment,,0,0,https://stclaircannabis.com/item/time-full,exact,,attachment page: same product on .com (time-full)
/1023-rolled-gold-full/,301,attachment,,0,0,https://stclaircannabis.com/items/cigarettes,category,,attachment page for .ca product /product/rolled-gold-full/ -> same target as that product (category)
/1026-belmont-ks-pack-only/,301,attachment,,0,0,https://stclaircannabis.com/items/cigarettes,category,,attachment page for .ca product /product/belmont-ks-pack-only/ -> same target as that product (category)
/103-skunk-ape-shreds/,301,attachment,,0,0,https://stclaircannabis.com/budget-weed,category,,attachment page for .ca product /product/skunk-ape-shreds/ -> same target as that product (category)
/104-nuken-shreds/,301,attachment,,0,0,https://stclaircannabis.com/budget-weed,category,,attachment page for .ca product /product/nuken-shreds/ -> same target as that product (category)
/1053-happy-dad-6mgx20-nicotine-pouches/,301,attachment,,0,0,https://stclaircannabis.com/items/add-ons,category,,attachment page for .ca product /product/happy-dad-6mgx20-nicotine-pouches/ -> same target as that product (category)
/1054-zyn-nicotine-pouches/,301,attachment,,0,0,https://stclaircannabis.com/item/zyn-nicotine-pouches,exact,,attachment page: same product on .com (zyn-nicotine-pouches)
/1055-zpods-zpods-mango-pineapple-3-2-ml-pods-5-synthetic-nic/,301,attachment,,0,0,https://stclaircannabis.com/item/zpods-zpods-mango-pineapple-32-ml-pods-5-synthetic-nic,close,,"attachment page: same strain/product, variant/size name on .com (zpods-zpods-mango-pineapple-32-ml-pods-5-synthetic-nic); review"
/1064-elf-bar-ice-king-5-30k-puffs-many-flavors/,301,attachment,,0,0,https://stclaircannabis.com/items/vape-disposables,category,,attachment page for .ca product /product/elf-bar-ice-king-5-30k-puffs-many-flavors/ -> same target as that product (category)
/1065-elf-23000-5-23k-puffs/,301,attachment,,0,0,https://stclaircannabis.com/items/vape-disposables,category,,attachment page for .ca product /product/elf-23000-5-23k-puffs/ -> same target as that product (category)
/1066-elf-bar-prime/,301,attachment,,0,0,https://stclaircannabis.com/items/edibles,category,,attachment page for .ca product /product/elf-bar-prime/ -> same target as that product (category)
/1068-elf-bar-moonlight-70k/,301,attachment,,0,0,https://stclaircannabis.com/items/edibles,category,,attachment page for .ca product /product/elf-bar-moonlight-70k/ -> same target as that product (category)
/1070-geek-9000-pulse-2-9k-puffs/,301,attachment,,0,0,https://stclaircannabis.com/items/vape-disposables,category,,attachment page for .ca product /product/geek-9000-pulse-2-9k-puffs/ -> same target as that product (category)
/1072-geek-promax-5-30k-puffs/,301,attachment,,0,0,https://stclaircannabis.com/items/vape-disposables,category,,attachment page for .ca product /product/geek-promax-5-30k-puffs/ -> same target as that product (category)
/1073-geek-max-5-20k-30k-puffs-many-flavors/,301,attachment,,0,0,https://stclaircannabis.com/items/vape-disposables,category,,attachment page for .ca product /product/geek-max-5-20k-30k-puffs-many-flavors/ -> same target as that product (category)
/1074-geek-supreme-60000-5-60k-puffs-many-flavors/,301,attachment,,0,0,https://stclaircannabis.com/items/vape-disposables,category,,attachment page for .ca product /product/geek-supreme-60000-5-60k-puffs-many-flavors/ -> same target as that product (category)
/1080-ovns-2500-5-2-5k-puffs/,301,attachment,,0,0,https://stclaircannabis.com/item/ovns-10000-5-10k-puffs-nvape,close,,"attachment page: same strain/product, variant/size name on .com (ovns-10000-5-10k-puffs-nvape); review"
/1081-ovns-10000-5-10k-puffs/,301,attachment,,0,0,https://stclaircannabis.com/item/ovns-10000-5-10k-puffs-nvape,close,,"attachment page: same strain/product, variant/size name on .com (ovns-10000-5-10k-puffs-nvape); review"
/1082-ovns-pioneer-5-22k-puffs/,301,attachment,,0,0,https://stclaircannabis.com/item/ovns-pioneer-5-22k-puffs-nvape,close,,"attachment page: same strain/product, variant/size name on .com (ovns-pioneer-5-22k-puffs-nvape); review"
/1083-ovns-max-5-3k-puffs/,301,attachment,,0,0,https://stclaircannabis.com/items/vape-disposables,category,,attachment page for .ca product /product/ovns-max-5-3k-puffs/ -> same target as that product (category)
/1084-ovns-disposable-5-8ml-many-flavors/,301,attachment,,0,0,https://stclaircannabis.com/item/ovns-disposable-5-8ml-many-flavors-nvape,close,,"attachment page: same strain/product, variant/size name on .com (ovns-disposable-5-8ml-many-flavors-nvape); review"
/1085-level-x-boost-g2-device-kit/,301,attachment,,0,0,https://stclaircannabis.com/items/vapes,category,,attachment page for .ca product /product/level-x-boost-g2-device-kit/ -> same target as that product (category)
/1086-level-x-g2-pod/,301,attachment,,0,0,https://stclaircannabis.com/items/vapes,category,,attachment page for .ca product /product/level-x-g2-pod/ -> same target as that product (category)
/1088-uwell-caliburn-pod/,301,attachment,,0,0,https://stclaircannabis.com/items/vapes,category,,attachment page for .ca product /product/uwell-caliburn-pod/ -> same target as that product (category)
/1090-breeze-2000-5-2k-puffs/,301,attachment,,0,0,https://stclaircannabis.com/items/vape-disposables,category,,attachment page for .ca product /product/breeze-2000-5-2k-puffs/ -> same target as that product (category)
/1091-beast-mode-max-many-flavors/,301,attachment,,0,0,https://stclaircannabis.com/items/vape-disposables,category,,attachment page for .ca product /product/beast-mode-max-many-flavors/ -> same target as that product (category)
/1092-envi-drip-n-5-28k-puffs/,301,attachment,,0,0,https://stclaircannabis.com/items/vape-disposables,category,,attachment page: no same product on .com; category from slug keywords
/1093-flavour-beast-e-liquid-salt/,301,attachment,,0,0,https://stclaircannabis.com/items/vape-disposables,category,,attachment page for .ca product /product/flavour-beast-e-liquid-salt/ -> same target as that product (category)
/1094-kraze-luna-many-flavors/,301,attachment,,0,0,https://stclaircannabis.com/items/vape-disposables,category,,attachment page for .ca product /product/kraze-luna-many-flavors/ -> same target as that product (category)
/1095-cocobar-5-12k-puffs/,301,attachment,,0,0,https://stclaircannabis.com/items/vape-disposables,category,,attachment page for .ca product /product/cocobar-5-12k-puffs/ -> same target as that product (category)
/1096-mosmo-storm-x-5-10k-puffs/,301,attachment,,0,0,https://stclaircannabis.com/items/vape-disposables,category,,attachment page for .ca product /product/mosmo-storm-x-5-10k-puffs/ -> same target as that product (category)
/1097-movement-lv-18k-5-18k-puffs-many-flavors/,301,attachment,,0,0,https://stclaircannabis.com/items/vape-disposables,category,,attachment page for .ca product /product/movement-lv-18k-5-18k-puffs-many-flavors/ -> same target as that product (category)
/1098-nexa-pix-5-35k-puffs-many-flavors/,301,attachment,,0,0,https://stclaircannabis.com/item/nexa-pix-30k-puffs-many-flavors-nvape,close,,"attachment page: same strain/product, variant/size name on .com (nexa-pix-30k-puffs-many-flavors-nvape); review"
/1099-sale-crown-bar-al-fakher-10k/,301,attachment,,0,0,https://stclaircannabis.com/items/edibles,category,,attachment page for .ca product /product/sale-crown-bar-al-fakher-10k/ -> same target as that product (category)
/112-pink-biscuits-shreds/,301,attachment,,0,0,https://stclaircannabis.com/budget-weed,category,,attachment page for .ca product /product/pink-biscuits-shreds/ -> same target as that product (category)
/113-pink-gelato-shreds/,301,attachment,,0,0,https://stclaircannabis.com/flower/pink-gelato,close,,"attachment page: same strain/product, variant/size name on .com (pink-gelato); review"
/114-pink-northern-lights-shreds/,301,attachment,,0,0,https://stclaircannabis.com/budget-weed,category,,attachment page for .ca product /product/pink-northern-lights-shreds/ -> same target as that product (category)
/119-pink-hindu-shreds/,301,attachment,,0,0,https://stclaircannabis.com/budget-weed,category,,attachment page for .ca product /product/pink-hindu-shreds/ -> same target as that product (category)
/168-og-kush/,301,attachment,,0,0,https://stclaircannabis.com/flower/og-kush-aa,close,,"attachment page: same strain/product, variant/size name on .com (og-kush-aa); review"
/172-lavender-kush/,301,attachment,,0,0,https://stclaircannabis.com/flower/lavender-kush,exact,,attachment page: same product on .com (lavender-kush)
/173-blue-god-ogs/,301,attachment,,0,0,https://stclaircannabis.com/budget-weed,category,,attachment page for .ca product /product/blue-god-ogs/ -> same target as that product (category)
/175-pine-tar-kush/,301,attachment,,0,0,https://stclaircannabis.com/budget-weed,category,,attachment page for .ca product /product/pine-tar-kush/ -> same target as that product (category)
/176-cake-face/,301,attachment,,0,0,https://stclaircannabis.com/budget-weed,category,,attachment page for .ca product /product/cake-face/ -> same target as that product (category)
/177-skunk-kush/,301,attachment,,0,0,https://stclaircannabis.com/budget-weed,category,,attachment page for .ca product /product/skunk-kush/ -> same target as that product (category)
/178-acapulco-gold/,301,attachment,,0,0,https://stclaircannabis.com/budget-weed,category,,attachment page for .ca product /product/acapulco-gold/ -> same target as that product (category)
/179-london-poundcake/,301,attachment,,0,0,https://stclaircannabis.com/budget-weed,category,,attachment page for .ca product /product/london-poundcake/ -> same target as that product (category)
/182-yoda-kush/,301,attachment,,0,0,https://stclaircannabis.com/budget-weed,category,,attachment page for .ca product /product/yoda-kush/ -> same target as that product (category)
/188-pink-animal-1g-ind-pre-roll/,301,attachment,,0,0,https://stclaircannabis.com/item/pink-animal-1g-ind-pre-roll,exact,,attachment page: same product on .com (pink-animal-1g-ind-pre-roll)
/189-amnesia-haze-1g-sat-pre-roll/,301,attachment,,0,0,https://stclaircannabis.com/item/amnesia-haze-1g-sat-pre-roll,exact,,attachment page: same product on .com (amnesia-haze-1g-sat-pre-roll)
/203-black-diamonds-sale/,301,attachment,,0,0,https://stclaircannabis.com/aa-weed,category,,attachment page for .ca product /product/black-diamonds-%e2%9c%a8sale/ -> same target as that product (category)
/210-white-champagne/,301,attachment,,0,0,https://stclaircannabis.com/flower/white-champagne,exact,,attachment page: same product on .com (white-champagne)
/211-bc-kush/,301,attachment,,0,0,https://stclaircannabis.com/aa-weed,category,,attachment page for .ca product /product/bc-kush/ -> same target as that product (category)
/212-black-jack-kush/,301,attachment,,0,0,https://stclaircannabis.com/aa-weed,category,,attachment page for .ca product /product/black-jack-kush/ -> same target as that product (category)
/213-master-kush/,301,attachment,,0,0,https://stclaircannabis.com/flower/master-kush-aa,close,,"attachment page: same strain/product, variant/size name on .com (master-kush-aa); review"
/223-alien-cookies/,301,attachment,,0,0,https://stclaircannabis.com/aa-weed,category,,attachment page for .ca product /product/alien-cookies/ -> same target as that product (category)
/228-pink-greasy/,301,attachment,,0,0,https://stclaircannabis.com/aa-weed,category,,attachment page for .ca product /product/pink-greasy/ -> same target as that product (category)
/229-chocolope-kush/,301,attachment,,0,0,https://stclaircannabis.com/aa-weed,category,,attachment page for .ca product /product/chocolope-kush/ -> same target as that product (category)
/230-platinum-kush-og/,301,attachment,,0,0,https://stclaircannabis.com/aa-weed,category,,attachment page for .ca product /product/platinum-kush-og/ -> same target as that product (category)
/233-blueberry-og/,301,attachment,,0,0,https://stclaircannabis.com/aa-weed,category,,attachment page for .ca product /product/blueberry-og/ -> same target as that product (category)
/234-pink-cookie-og/,301,attachment,,0,0,https://stclaircannabis.com/aa-weed,category,,attachment page for .ca product /product/pink-cookie-og/ -> same target as that product (category)
/238-green-gelato-sale/,301,attachment,,0,0,https://stclaircannabis.com/aa-weed,category,,attachment page for .ca product /product/green-gelato-%e2%9c%a8sale/ -> same target as that product (category)
/240-grabba/,301,attachment,,0,0,https://stclaircannabis.com/item/grabba,exact,,attachment page: same product on .com (grabba)
/242-granddaddy-purple/,301,attachment,,0,0,https://stclaircannabis.com/flower/grandaddy-purple-shreds,close,,"attachment page: same strain/product, variant/size name on .com (grandaddy-purple-shreds); review"
/244-blue-dream-sativa/,301,attachment,,0,0,https://stclaircannabis.com/aa-weed,category,,attachment page for .ca product /product/blue-dream-sativa/ -> same target as that product (category)
/245-gorilla-glue-sale/,301,attachment,,0,0,https://stclaircannabis.com/flower/gorilla-glue-4,close,,"attachment page: same strain/product, variant/size name on .com (gorilla-glue-4); review"
/252-purple-oreo-h/,301,attachment,,0,0,https://stclaircannabis.com/aa-weed,category,,attachment page for .ca product /product/purple-oreo-h/ -> same target as that product (category)
/253-pink-berry/,301,attachment,,0,0,https://stclaircannabis.com/aa-weed,category,,attachment page for .ca product /product/pink-berry/ -> same target as that product (category)
/254-pink-diablo/,301,attachment,,0,0,https://stclaircannabis.com/premium-weed,category,,attachment page for .ca product /product/pink-diablo/ -> same target as that product (category)
/256-ice-cream-vanilla/,301,attachment,,0,0,https://stclaircannabis.com/aa-weed,category,,attachment page for .ca product /product/ice-cream-vanilla/ -> same target as that product (category)
/257-purple-cookies/,301,attachment,,0,0,https://stclaircannabis.com/aa-weed,category,,attachment page for .ca product /product/purple-cookies/ -> same target as that product (category)
/258-pink-jet-fuel/,301,attachment,,0,0,https://stclaircannabis.com/aa-weed,category,,attachment page for .ca product /product/pink-jet-fuel/ -> same target as that product (category)
/260-red-runtz/,301,attachment,,0,0,https://stclaircannabis.com/aa-weed,category,,attachment page for .ca product /product/red-runtz/ -> same target as that product (category)
/261-daydream-diesel/,301,attachment,,0,0,https://stclaircannabis.com/flower/daydream-diesel,exact,,attachment page: same product on .com (daydream-diesel)
/266-cosmic-sativa/,301,attachment,,0,0,https://stclaircannabis.com/aa-weed,category,,attachment page for .ca product /product/cosmic-sativa/ -> same target as that product (category)
/267-pink-master-kush/,301,attachment,,0,0,https://stclaircannabis.com/aa-weed,category,,attachment page for .ca product /product/pink-master-kush/ -> same target as that product (category)
/268-icecream-cake/,301,attachment,,0,0,https://stclaircannabis.com/aa-weed,category,,attachment page for .ca product /product/icecream-cake/ -> same target as that product (category)
/269-oreo-cookies/,301,attachment,,0,0,https://stclaircannabis.com/aa-weed,category,,attachment page for .ca product /product/oreo-cookies/ -> same target as that product (category)
/271-dante-inferno/,301,attachment,,0,0,https://stclaircannabis.com/flower/dante-inferno,exact,,attachment page: same product on .com (dante-inferno)
/272-skywalker-kush/,301,attachment,,0,0,https://stclaircannabis.com/aa-weed,category,,attachment page for .ca product /product/skywalker-kush/ -> same target as that product (category)
/273-la-confidential/,301,attachment,,0,0,https://stclaircannabis.com/aa-weed,category,,attachment page for .ca product /product/la-confidential/ -> same target as that product (category)
/274-chem-fire/,301,attachment,,0,0,https://stclaircannabis.com/aa-weed,category,,attachment page for .ca product /product/chem-fire/ -> same target as that product (category)
/275-sugar-cookies/,301,attachment,,0,0,https://stclaircannabis.com/flower/sugar-cookies,exact,,attachment page: same product on .com (sugar-cookies)
/277-nyc-sour-diesel/,301,attachment,,0,0,https://stclaircannabis.com/aa-weed,category,,attachment page for .ca product /product/nyc-sour-diesel/ -> same target as that product (category)
/278-slurricane/,301,attachment,,0,0,https://stclaircannabis.com/flower/slurricane,exact,,attachment page: same product on .com (slurricane)
/280-vanilla-kush/,301,attachment,,0,0,https://stclaircannabis.com/aa-weed,category,,attachment page for .ca product /product/vanilla-kush/ -> same target as that product (category)
/288-frosted-cookies/,301,attachment,,0,0,https://stclaircannabis.com/aa-weed,category,,attachment page for .ca product /product/frosted-cookies/ -> same target as that product (category)
/289-jungle-juice/,301,attachment,,0,0,https://stclaircannabis.com/aa-weed,category,,attachment page for .ca product /product/jungle-juice/ -> same target as that product (category)
/290-sweet-kush/,301,attachment,,0,0,https://stclaircannabis.com/flower/sweet-kush,exact,,attachment page: same product on .com (sweet-kush)
/291-diamond-og/,301,attachment,,0,0,https://stclaircannabis.com/flower/diamond-og,exact,,attachment page: same product on .com (diamond-og)
/292-quantum-kush/,301,attachment,,0,0,https://stclaircannabis.com/aa-weed,category,,attachment page for .ca product /product/quantum-kush/ -> same target as that product (category)
/293-vanilla-ice-kush/,301,attachment,,0,0,https://stclaircannabis.com/aa-weed,category,,attachment page for .ca product /product/vanilla-ice-kush/ -> same target as that product (category)
/300-pineapple-express/,301,attachment,,0,0,https://stclaircannabis.com/aaa-weed,category,,attachment page for .ca product /product/pineapple-express/ -> same target as that product (category)
/301-peanut-rockstar/,301,attachment,,0,0,https://stclaircannabis.com/aaa-weed,category,,attachment page for .ca product /product/peanut-rockstar/ -> same target as that product (category)
/302-durian-haze/,301,attachment,,0,0,https://stclaircannabis.com/aaa-weed,category,,attachment page for .ca product /product/durian-haze/ -> same target as that product (category)
/303-pink-lobster/,301,attachment,,0,0,https://stclaircannabis.com/aaa-weed,category,,attachment page for .ca product /product/pink-lobster/ -> same target as that product (category)
/304-white-shark/,301,attachment,,0,0,https://stclaircannabis.com/aaa-weed,category,,attachment page for .ca product /product/white-shark/ -> same target as that product (category)
/305-pink-fire-og/,301,attachment,,0,0,https://stclaircannabis.com/flower/pink-fire-og,exact,,attachment page: same product on .com (pink-fire-og)
/307-death-bubba/,301,attachment,,0,0,https://stclaircannabis.com/premium-weed,category,,attachment page for .ca product /product/death-bubba/ -> same target as that product (category)
/310-pink-escobar/,301,attachment,,0,0,https://stclaircannabis.com/aaa-weed,category,,attachment page for .ca product /product/pink-escobar/ -> same target as that product (category)
/311-pink-phantom/,301,attachment,,0,0,https://stclaircannabis.com/aaa-weed,category,,attachment page for .ca product /product/pink-phantom/ -> same target as that product (category)
/312-mango-haze/,301,attachment,,0,0,https://stclaircannabis.com/aaa-weed,category,,attachment page for .ca product /product/mango-haze/ -> same target as that product (category)
/313-super-lemon/,301,attachment,,0,0,https://stclaircannabis.com/aaa-weed,category,,attachment page for .ca product /product/super-lemon/ -> same target as that product (category)
/314-tahoe-cookies/,301,attachment,,0,0,https://stclaircannabis.com/aaa-weed,category,,attachment page for .ca product /product/tahoe-cookies/ -> same target as that product (category)
/315-grease-monkey/,301,attachment,,0,0,https://stclaircannabis.com/aaa-weed,category,,attachment page for .ca product /product/grease-monkey/ -> same target as that product (category)
/316-pink-platinum/,301,attachment,,0,0,https://stclaircannabis.com/aaa-weed,category,,attachment page for .ca product /product/pink-platinum/ -> same target as that product (category)
/317-cherry-haze-sh/,301,attachment,,0,0,https://stclaircannabis.com/aaa-weed,category,,attachment page for .ca product /product/cherry-haze-sh/ -> same target as that product (category)
/318-pink-rozay/,301,attachment,,0,0,https://stclaircannabis.com/aaa-weed,category,,attachment page for .ca product /product/pink-rozay/ -> same target as that product (category)
/319-white-walker-og/,301,attachment,,0,0,https://stclaircannabis.com/aaa-weed,category,,attachment page for .ca product /product/white-walker-og/ -> same target as that product (category)
/320-black-tuna/,301,attachment,,0,0,https://stclaircannabis.com/aaa-weed,category,,attachment page for .ca product /product/black-tuna/ -> same target as that product (category)
/321-mk-ultra/,301,attachment,,0,0,https://stclaircannabis.com/aaa-weed,category,,attachment page for .ca product /product/mk-ultra/ -> same target as that product (category)
/322-purple-gelato/,301,attachment,,0,0,https://stclaircannabis.com/aaa-weed,category,,attachment page for .ca product /product/purple-gelato/ -> same target as that product (category)
/323-pink-godzilla/,301,attachment,,0,0,https://stclaircannabis.com/premium-weed,category,,attachment page for .ca product /product/pink-godzilla/ -> same target as that product (category)
/324-pink-violator/,301,attachment,,0,0,https://stclaircannabis.com/flower/pink-violator,exact,,attachment page: same product on .com (pink-violator)
/325-purple-runtz/,301,attachment,,0,0,https://stclaircannabis.com/aaa-weed,category,,attachment page for .ca product /product/purple-runtz/ -> same target as that product (category)
/326-chemdawg/,301,attachment,,0,0,https://stclaircannabis.com/aaa-weed,category,,attachment page for .ca product /product/chemdawg/ -> same target as that product (category)
/327-pink-halo-og/,301,attachment,,0,0,https://stclaircannabis.com/aaa-weed,category,,attachment page for .ca product /product/pink-halo-og/ -> same target as that product (category)
/328-pink-zombie/,301,attachment,,0,0,https://stclaircannabis.com/aaa-weed,category,,attachment page for .ca product /product/pink-zombie/ -> same target as that product (category)
/329-mueller-fuel/,301,attachment,,0,0,https://stclaircannabis.com/aaa-weed,category,,attachment page for .ca product /product/mueller-fuel/ -> same target as that product (category)
/330-pink-champagne/,301,attachment,,0,0,https://stclaircannabis.com/aaa-weed,category,,attachment page for .ca product /product/pink-champagne/ -> same target as that product (category)
/354-pink-kosher-kush/,301,attachment,,0,0,https://stclaircannabis.com/aaa-weed,category,,attachment page for .ca product /product/pink-kosher-kush/ -> same target as that product (category)
/365-kosher-kush/,301,attachment,,0,0,https://stclaircannabis.com/aaa-weed,category,,attachment page for .ca product /product/kosher-kush/ -> same target as that product (category)
/366-pink-bugatti/,301,attachment,,0,0,https://stclaircannabis.com/aaa-weed,category,,attachment page for .ca product /product/pink-bugatti/ -> same target as that product (category)
/368-strawberry-cough/,301,attachment,,0,0,https://stclaircannabis.com/aaa-weed,category,,attachment page for .ca product /product/strawberry-cough/ -> same target as that product (category)
/369-northern-lights/,301,attachment,,0,0,https://stclaircannabis.com/flower/northern-lights-shreds,close,,"attachment page: same strain/product, variant/size name on .com (northern-lights-shreds); review"
/372-pink-jealousy/,301,attachment,,0,0,https://stclaircannabis.com/aaa-weed,category,,attachment page for .ca product /product/pink-jealousy/ -> same target as that product (category)
/373-purple-sunset-sherbert/,301,attachment,,0,0,https://stclaircannabis.com/aaa-weed,category,,attachment page for .ca product /product/purple-sunset-sherbert/ -> same target as that product (category)
/374-pink-tom-gas/,301,attachment,,0,0,https://stclaircannabis.com/aaa-weed,category,,attachment page for .ca product /product/pink-tom-gas/ -> same target as that product (category)
/375-pink-kosher-kush/,301,attachment,,0,0,https://stclaircannabis.com/aaa-weed,category,,attachment page for .ca product /product/pink-kosher-kush/ -> same target as that product (category)
/376-purple-dream-sh/,301,attachment,,0,0,https://stclaircannabis.com/aaa-weed,category,,attachment page for .ca product /product/purple-dream-sh/ -> same target as that product (category)
/377-pink-gas/,301,attachment,,0,0,https://stclaircannabis.com/flower/escobar-pink-gas,close,,"attachment page: same strain/product, variant/size name on .com (escobar-pink-gas); review"
/380-peanutbutter-breathe/,301,attachment,,0,0,https://stclaircannabis.com/aaa-weed,category,,attachment page for .ca product /product/peanutbutter-breathe/ -> same target as that product (category)
/381-blackberry-haze/,301,attachment,,0,0,https://stclaircannabis.com/aaa-weed,category,,attachment page for .ca product /product/blackberry-haze/ -> same target as that product (category)
/382-white-widow/,301,attachment,,0,0,https://stclaircannabis.com/aaa-weed,category,,attachment page for .ca product /product/white-widow/ -> same target as that product (category)
/383-tropicana-cookies/,301,attachment,,0,0,https://stclaircannabis.com/aaa-weed,category,,attachment page for .ca product /product/tropicana-cookies/ -> same target as that product (category)
/384-gary-payton/,301,attachment,,0,0,https://stclaircannabis.com/aaa-weed,category,,attachment page for .ca product /product/gary-payton/ -> same target as that product (category)
/385-sugarcane/,301,attachment,,0,0,https://stclaircannabis.com/aaa-weed,category,,attachment page for .ca product /product/sugarcane/ -> same target as that product (category)
/386-pink-goo/,301,attachment,,0,0,https://stclaircannabis.com/aaa-weed,category,,attachment page for .ca product /product/pink-goo/ -> same target as that product (category)
/388-pink-kush-1g-ind-pr-roll/,301,attachment,,0,0,https://stclaircannabis.com/item/pink-kush-1g-ind-pr-roll,exact,,attachment page: same product on .com (pink-kush-1g-ind-pr-roll)
/389-laughing-buddha-1g-sat-pre-roll/,301,attachment,,0,0,https://stclaircannabis.com/item/laughing-buddha-1g-sat-pre-roll,exact,,attachment page: same product on .com (laughing-buddha-1g-sat-pre-roll)
/390-super-pink/,301,attachment,,0,0,https://stclaircannabis.com/aaa-weed,category,,attachment page for .ca product /product/super-pink/ -> same target as that product (category)
/391-pink-frost/,301,attachment,,0,0,https://stclaircannabis.com/aaa-weed,category,,attachment page for .ca product /product/pink-frost/ -> same target as that product (category)
/393-pink-kush/,301,attachment,,0,0,https://stclaircannabis.com/aaa-weed,category,,attachment page for .ca product /product/pink-kush/ -> same target as that product (category)
/394-tropical-queen-stv/,301,attachment,,0,0,https://stclaircannabis.com/aaa-weed,category,,attachment page for .ca product /product/tropical-queen-stv/ -> same target as that product (category)
/395-god-og/,301,attachment,,0,0,https://stclaircannabis.com/aaa-weed,category,,attachment page for .ca product /product/god-og/ -> same target as that product (category)
/396-khalifa-kush/,301,attachment,,0,0,https://stclaircannabis.com/aaa-weed,category,,attachment page for .ca product /product/khalifa-kush/ -> same target as that product (category)
/397-pink-hennessey/,301,attachment,,0,0,https://stclaircannabis.com/aaa-weed,category,,attachment page for .ca product /product/pink-hennessey/ -> same target as that product (category)
/401-death-bubba/,301,attachment,,0,0,https://stclaircannabis.com/premium-weed,category,,attachment page for .ca product /product/death-bubba/ -> same target as that product (category)
/402-pink-lizards/,301,attachment,,0,0,https://stclaircannabis.com/flower/pink-lizard,close,,"attachment page: same strain/product, variant/size name on .com (pink-lizard); review"
/403-forbidden-fruits/,301,attachment,,0,0,https://stclaircannabis.com/premium-weed,category,,attachment page for .ca product /product/forbidden-fruits/ -> same target as that product (category)
/405-amneisa-haze/,301,attachment,,0,0,https://stclaircannabis.com/premium-weed,category,,attachment page for .ca product /product/amneisa-haze/ -> same target as that product (category)
/406-pink-god/,301,attachment,,0,0,https://stclaircannabis.com/premium-weed,category,,attachment page for .ca product /product/pink-god/ -> same target as that product (category)
/407-morning-mojo/,301,attachment,,0,0,https://stclaircannabis.com/premium-weed,category,,attachment page for .ca product /product/morning-mojo/ -> same target as that product (category)
/408-pink-tuna-kush/,301,attachment,,0,0,https://stclaircannabis.com/premium-weed,category,,attachment page for .ca product /product/pink-tuna-kush/ -> same target as that product (category)
/412-toasted-strudel/,301,attachment,,0,0,https://stclaircannabis.com/premium-weed,category,,attachment page for .ca product /product/toasted-strudel/ -> same target as that product (category)
/414-black-gas/,301,attachment,,0,0,https://stclaircannabis.com/premium-weed,category,,attachment page for .ca product /product/black-gas/ -> same target as that product (category)
/415-death-valley/,301,attachment,,0,0,https://stclaircannabis.com/flower/death-valley,exact,,attachment page: same product on .com (death-valley)
/416-pink-death/,301,attachment,,0,0,https://stclaircannabis.com/premium-weed,category,,attachment page for .ca product /product/pink-death/ -> same target as that product (category)
/461-pink-glizzy/,301,attachment,,0,0,https://stclaircannabis.com/premium-weed,category,,attachment page for .ca product /product/pink-glizzy/ -> same target as that product (category)
/462-pink-paralysis/,301,attachment,,0,0,https://stclaircannabis.com/premium-weed,category,,attachment page for .ca product /product/pink-paralysis/ -> same target as that product (category)
/463-pink-yoda/,301,attachment,,0,0,https://stclaircannabis.com/premium-weed,category,,attachment page for .ca product /product/pink-yoda/ -> same target as that product (category)
/464-thunder-fck/,301,attachment,,0,0,https://stclaircannabis.com/premium-weed,category,,attachment page for .ca product /product/thunder-fck/ -> same target as that product (category)
/466-pink-godzilla/,301,attachment,,0,0,https://stclaircannabis.com/premium-weed,category,,attachment page for .ca product /product/pink-godzilla/ -> same target as that product (category)
/467-pink-diablo/,301,attachment,,0,0,https://stclaircannabis.com/premium-weed,category,,attachment page for .ca product /product/pink-diablo/ -> same target as that product (category)
/469-pink-bubba/,301,attachment,,0,0,https://stclaircannabis.com/premium-weed,category,,attachment page for .ca product /product/pink-bubba/ -> same target as that product (category)
/470-pink-gelato/,301,attachment,,0,0,https://stclaircannabis.com/flower/pink-gelato,exact,,attachment page: same product on .com (pink-gelato)
/471-poison-ivy/,301,attachment,,0,0,https://stclaircannabis.com/premium-weed,category,,attachment page for .ca product /product/poison-ivy/ -> same target as that product (category)
/472-pink-bazooka/,301,attachment,,0,0,https://stclaircannabis.com/exotic-weed,category,,attachment page for .ca product /product/pink-bazooka/ -> same target as that product (category)
/473-gmo-cookies/,301,attachment,,0,0,https://stclaircannabis.com/premium-weed,category,,attachment page for .ca product /product/gmo-cookies/ -> same target as that product (category)
/474-pink-death-star/,301,attachment,,0,0,https://stclaircannabis.com/premium-weed,category,,attachment page for .ca product /product/pink-death-star/ -> same target as that product (category)
/475-super-mario-kush/,301,attachment,,0,0,https://stclaircannabis.com/premium-weed,category,,attachment page for .ca product /product/super-mario-kush/ -> same target as that product (category)
/476-truffle-cake/,301,attachment,,0,0,https://stclaircannabis.com/premium-weed,category,,attachment page for .ca product /product/truffle-cake/ -> same target as that product (category)
/477-pink-rock-star/,301,attachment,,0,0,https://stclaircannabis.com/premium-weed,category,,attachment page for .ca product /product/pink-rock-star/ -> same target as that product (category)
/480-lemon-cherry-gelato/,301,attachment,,0,0,https://stclaircannabis.com/premium-weed,category,,attachment page for .ca product /product/lemon-cherry-gelato/ -> same target as that product (category)
/481-pink-panties/,301,attachment,,0,0,https://stclaircannabis.com/premium-weed,category,,attachment page for .ca product /product/pink-panties/ -> same target as that product (category)
/482-mendo-breathe/,301,attachment,,0,0,https://stclaircannabis.com/premium-weed,category,,attachment page for .ca product /product/mendo-breathe/ -> same target as that product (category)
/484-pink-chapo/,301,attachment,,0,0,https://stclaircannabis.com/premium-weed,category,,attachment page for .ca product /product/pink-chapo/ -> same target as that product (category)
/486-fcking-incredible/,301,attachment,,0,0,https://stclaircannabis.com/premium-weed,category,,attachment page for .ca product /product/fcking-incredible/ -> same target as that product (category)
/487-birthday-cake/,301,attachment,,0,0,https://stclaircannabis.com/premium-weed,category,,attachment page for .ca product /product/birthday-cake/ -> same target as that product (category)
/488-pink-predator-1g-ind-pre-roll/,301,attachment,,0,0,https://stclaircannabis.com/item/pink-predator-1g-ind-pre-roll,exact,,attachment page: same product on .com (pink-predator-1g-ind-pre-roll)
/489-maui-wowie-1g-sat-pre-roll/,301,attachment,,0,0,https://stclaircannabis.com/item/maui-wowie-1g-sat-pre-roll,exact,,attachment page: same product on .com (maui-wowie-1g-sat-pre-roll)
/490-pink-joker/,301,attachment,,0,0,https://stclaircannabis.com/premium-weed,category,,attachment page for .ca product /product/pink-joker/ -> same target as that product (category)
/491-super-drip/,301,attachment,,0,0,https://stclaircannabis.com/flower/super-drip,exact,,attachment page: same product on .com (super-drip)
/492-platinum-tuna/,301,attachment,,0,0,https://stclaircannabis.com/flower/platinum-tuna,exact,,attachment page: same product on .com (platinum-tuna)
/493-o-pink/,301,attachment,,0,0,https://stclaircannabis.com/flower/o-pink,exact,,attachment page: same product on .com (o-pink)
/494-pink-atomic-bomb/,301,attachment,,0,0,https://stclaircannabis.com/flower/pink-atomic-bomb,exact,,attachment page: same product on .com (pink-atomic-bomb)
/495-king-louis-xiii/,301,attachment,,0,0,https://stclaircannabis.com/flower/king-louis-xiii,exact,,attachment page: same product on .com (king-louis-xiii)
/500-pink-godfather/,301,attachment,,0,0,https://stclaircannabis.com/exotic-weed,category,,attachment page for .ca product /product/pink-godfather/ -> same target as that product (category)
/504-pink-bellagio/,301,attachment,,0,0,https://stclaircannabis.com/exotic-weed,category,,attachment page for .ca product /product/pink-bellagio/ -> same target as that product (category)
/505-pink-lizard/,301,attachment,,0,0,https://stclaircannabis.com/flower/pink-lizard,exact,,attachment page: same product on .com (pink-lizard)
/507-pink-deathstar/,301,attachment,,0,0,https://stclaircannabis.com/flower/pink-deathstar,exact,,attachment page: same product on .com (pink-deathstar)
/510-jack-herer/,301,attachment,,0,0,https://stclaircannabis.com/exotic-weed,category,,attachment page for .ca product /product/jack-herer/ -> same target as that product (category)
/511-sunburst-haze-sh/,301,attachment,,0,0,https://stclaircannabis.com/exotic-weed,category,,attachment page for .ca product /product/sunburst-haze-sh/ -> same target as that product (category)
/513-pink-tomford-2/,301,attachment,,0,0,https://stclaircannabis.com/items/add-ons,category,,attachment page: no same product on .com; category from slug keywords
/513-pink-tomford/,301,attachment,,0,0,https://stclaircannabis.com/items/add-ons,category,,attachment page: no same product on .com; category from slug keywords
/520-motor-breathe/,301,attachment,,0,0,https://stclaircannabis.com/exotic-weed,category,,attachment page for .ca product /product/motor-breathe/ -> same target as that product (category)
/522-han-solo/,301,attachment,,0,0,https://stclaircannabis.com/exotic-weed,category,,attachment page for .ca product /product/han-solo/ -> same target as that product (category)
/523-dead-head/,301,attachment,,0,0,https://stclaircannabis.com/exotic-weed,category,,attachment page for .ca product /product/dead-head/ -> same target as that product (category)
/524-pink-rockstar/,301,attachment,,0,0,https://stclaircannabis.com/flower/pink-rockstar,exact,,attachment page: same product on .com (pink-rockstar)
/526-pink-bazooka/,301,attachment,,0,0,https://stclaircannabis.com/exotic-weed,category,,attachment page for .ca product /product/pink-bazooka/ -> same target as that product (category)
/527-pink-astro/,301,attachment,,0,0,https://stclaircannabis.com/exotic-weed,category,,attachment page for .ca product /product/pink-astro/ -> same target as that product (category)
/528-pink-space-queen/,301,attachment,,0,0,https://stclaircannabis.com/exotic-weed,category,,attachment page for .ca product /product/pink-space-queen/ -> same target as that product (category)
/529-jealousy/,301,attachment,,0,0,https://stclaircannabis.com/exotic-weed,category,,attachment page for .ca product /product/jealousy/ -> same target as that product (category)
/530-permanent-marker/,301,attachment,,0,0,https://stclaircannabis.com/flower/pink-permanent-marker,close,,"attachment page: same strain/product, variant/size name on .com (pink-permanent-marker); review"
/531-mike-tyson-og/,301,attachment,,0,0,https://stclaircannabis.com/exotic-weed,category,,attachment page for .ca product /product/mike-tyson-og/ -> same target as that product (category)
/532-bluefin-tuna/,301,attachment,,0,0,https://stclaircannabis.com/exotic-weed,category,,attachment page for .ca product /product/bluefin-tuna/ -> same target as that product (category)
/534-red-eye-pink/,301,attachment,,0,0,https://stclaircannabis.com/exotic-weed,category,,attachment page for .ca product /product/red-eye-pink/ -> same target as that product (category)
/535-jackhaze/,301,attachment,,0,0,https://stclaircannabis.com/exotic-weed,category,,attachment page for .ca product /product/jackhaze/ -> same target as that product (category)
/536-pink-hellfire/,301,attachment,,0,0,https://stclaircannabis.com/exotic-weed,category,,attachment page for .ca product /product/pink-hellfire/ -> same target as that product (category)
/537-godfather-og/,301,attachment,,0,0,https://stclaircannabis.com/exotic-weed,category,,attachment page for .ca product /product/godfather-og/ -> same target as that product (category)
/538-pink-tuna/,301,attachment,,0,0,https://stclaircannabis.com/flower/pink-tuna,exact,,attachment page: same product on .com (pink-tuna)
/539-peanut-butter-rockstar/,301,attachment,,0,0,https://stclaircannabis.com/exotic-weed,category,,attachment page for .ca product /product/peanut-butter-rockstar/ -> same target as that product (category)
/540-pink-icky-sticky/,301,attachment,,0,0,https://stclaircannabis.com/flower/pink-icky-sticky,exact,,attachment page: same product on .com (pink-icky-sticky)
/541-bruce-banner/,301,attachment,,0,0,https://stclaircannabis.com/exotic-weed,category,,attachment page for .ca product /product/bruce-banner/ -> same target as that product (category)
/542-pink-velvet/,301,attachment,,0,0,https://stclaircannabis.com/exotic-weed,category,,attachment page for .ca product /product/pink-velvet/ -> same target as that product (category)
/543-pink-supreme/,301,attachment,,0,0,https://stclaircannabis.com/flower/pink-supreme,exact,,attachment page: same product on .com (pink-supreme)
/544-pink-permanent-marker/,301,attachment,,0,0,https://stclaircannabis.com/flower/pink-permanent-marker,exact,,attachment page: same product on .com (pink-permanent-marker)
/545-pure-michigan/,301,attachment,,0,0,https://stclaircannabis.com/exotic-weed,category,,attachment page for .ca product /product/pure-michigan/ -> same target as that product (category)
/546-24k-gold/,301,attachment,,0,0,https://stclaircannabis.com/exotic-weed,category,,attachment page for .ca product /product/24k-gold/ -> same target as that product (category)
/547-thc-syrup-500mg/,301,attachment,,0,0,https://stclaircannabis.com/items/edibles,category,,attachment page for .ca product /product/thc-syrup-500mg/ -> same target as that product (category)
/550-pink-starkiller/,301,attachment,,0,0,https://stclaircannabis.com/exotic-weed,category,,attachment page for .ca product /product/pink-starkiller/ -> same target as that product (category)
/561-red-congolese/,301,attachment,,0,0,https://stclaircannabis.com/exotic-weed,category,,attachment page for .ca product /product/red-congolese/ -> same target as that product (category)
/562-donnie-burger/,301,attachment,,0,0,https://stclaircannabis.com/exotic-weed,category,,attachment page for .ca product /product/donnie-burger/ -> same target as that product (category)
/563-purple-skunk/,301,attachment,,0,0,https://stclaircannabis.com/flower/purple-skunk,exact,,attachment page: same product on .com (purple-skunk)
/564-dank-choco-bar-1500mg/,301,attachment,,0,0,https://stclaircannabis.com/item/dank-choco-bar-1500mg,exact,,attachment page: same product on .com (dank-choco-bar-1500mg)
/588-pink-godfather-og-1g-ind-pre-roll/,301,attachment,,0,0,https://stclaircannabis.com/item/pink-godfather-og-1g-ind-pre-roll,exact,,attachment page: same product on .com (pink-godfather-og-1g-ind-pre-roll)
/589-strawberry-cough-1g-sat-pre-roll/,301,attachment,,0,0,https://stclaircannabis.com/item/strawberry-cough-1g-sat-pre-roll,exact,,attachment page: same product on .com (strawberry-cough-1g-sat-pre-roll)
/593-mike-tyson-ko-super-exotics/,301,attachment,,0,0,https://stclaircannabis.com/flower/mike-tyson-ko-super-exotics,exact,,attachment page: same product on .com (mike-tyson-ko-super-exotics)
/595-purple-space-queen/,301,attachment,,0,0,https://stclaircannabis.com/exotic-weed,category,,attachment page for .ca product /product/purple-space-queen/ -> same target as that product (category)
/596-pink-gooey-frost/,301,attachment,,0,0,https://stclaircannabis.com/exotic-weed,category,,attachment page for .ca product /product/pink-gooey-frost/ -> same target as that product (category)
/600-nrthrn-extracts-gummies/,301,attachment,,0,0,https://stclaircannabis.com/item/nrthrn-extracts-gummies,exact,,attachment page: same product on .com (nrthrn-extracts-gummies)
/613-stellar-gummies/,301,attachment,,0,0,https://stclaircannabis.com/item/stellar-gummies-500mg,close,,"attachment page: same strain/product, variant/size name on .com (stellar-gummies-500mg); review"
/615-stellar-gummies-500mg/,301,attachment,,0,0,https://stclaircannabis.com/item/stellar-gummies-500mg,exact,,attachment page: same product on .com (stellar-gummies-500mg)
/631-mindf-ck-choco-8000mg/,301,attachment,,0,0,https://stclaircannabis.com/items/edibles,category,,attachment page: no same product on .com; category from slug keywords
/633-mindf-ck-gummies-bar-5000mg/,301,attachment,,0,0,https://stclaircannabis.com/items/edibles,category,,attachment page: no same product on .com; category from slug keywords
/635-tripnotik-choco-5000mg/,301,attachment,,0,0,https://stclaircannabis.com/item/tripnotik-choco-5000mg,exact,,attachment page: same product on .com (tripnotik-choco-5000mg)
/637-tripnotik-gummies-4000mg/,301,attachment,,0,0,https://stclaircannabis.com/item/tripnotik-gummies-4000mg,exact,,attachment page: same product on .com (tripnotik-gummies-4000mg)
/638-well-spore-co-mushroom-bar/,301,attachment,,0,0,https://stclaircannabis.com/items/magic,category,,attachment page for .ca product /product/well-spore-co-mushroom-bar/ -> same target as that product (category)
/643-shatter-chews-150-mg/,301,attachment,,0,0,https://stclaircannabis.com/item/shatter-chews-150-mg,exact,,attachment page: same product on .com (shatter-chews-150-mg)
/645-shatter-chews-600-mg/,301,attachment,,0,0,https://stclaircannabis.com/item/shatter-chews-600-mg,exact,,attachment page: same product on .com (shatter-chews-600-mg)
/650-galaxy-gummies-6000mg/,301,attachment,,0,0,https://stclaircannabis.com/item/galaxy-gummies-6000mg,exact,,attachment page: same product on .com (galaxy-gummies-6000mg)
/655-knock-out-gummies/,301,attachment,,0,0,https://stclaircannabis.com/item/knock-out-gummies,exact,,attachment page: same product on .com (knock-out-gummies)
/668-grabba-shaker-redrose-red-herring/,301,attachment,,0,0,https://stclaircannabis.com/item/grabba-shaker-redrose-red-herring-x2-available,close,,"attachment page: same strain/product, variant/size name on .com (grabba-shaker-redrose-red-herring-x2-available); review"
/680-live-resin-gummies-ind-sat-in-assorted-flavors/,301,attachment,,0,0,https://stclaircannabis.com/items/edibles,category,,attachment page for .ca product /product/live-resin-gummies-ind-sat-in-assorted-flavors/ -> same target as that product (category)
/686-wesley-tea/,301,attachment,,0,0,https://stclaircannabis.com/items/edibles,category,,attachment page for .ca product /product/wesley-tea/ -> same target as that product (category)
/687-wesley-hot-chocolate-40mg-thc-40mg-cbd-20mg-cbd-20mg-thc/,301,attachment,,0,0,https://stclaircannabis.com/item/wesley-hot-chocolate-40mg-thc-40mg-cbd-20mg-cbd-20mg-thc,exact,,attachment page: same product on .com (wesley-hot-chocolate-40mg-thc-40mg-cbd-20mg-cbd-20mg-thc)
/690-drizzle-lean-thc-syrup/,301,attachment,,0,0,https://stclaircannabis.com/items/edibles,category,,attachment page for .ca product /product/drizzle-lean-thc-syrup/ -> same target as that product (category)
/691-stoner-patch/,301,attachment,,0,0,https://stclaircannabis.com/item/stoner-patch,exact,,attachment page: same product on .com (stoner-patch)
/699-thc-lollipop/,301,attachment,,0,0,https://stclaircannabis.com/items/edibles,category,,attachment page for .ca product /product/thc-lollipop/ -> same target as that product (category)
/701-backwoods/,301,attachment,,0,0,https://stclaircannabis.com/items/add-ons,category,,attachment page for .ca product /product/backwoods/ -> same target as that product (category)
/705-backwoods/,301,attachment,,0,0,https://stclaircannabis.com/items/add-ons,category,,attachment page for .ca product /product/backwoods/ -> same target as that product (category)
/710-raw-paper-king-size/,301,attachment,,0,0,https://stclaircannabis.com/item/raw-paper-king-size,exact,,attachment page: same product on .com (raw-paper-king-size)
/800-gas-gang-dispo-vape-1g/,301,attachment,,0,0,https://stclaircannabis.com/items/vapes,category,,attachment page for .ca product /product/gas-gang-dispo-vape-1g/ -> same target as that product (category)
/810-drizzle-switch-3in1-1g/,301,attachment,,0,0,https://stclaircannabis.com/item/drizzle-switch-3in1-2g-thcvape,close,,"attachment page: same strain/product, variant/size name on .com (drizzle-switch-3in1-2g-thcvape); review"
/820-drizzle-dispo-vape-1g/,301,attachment,,0,0,https://stclaircannabis.com/items/vapes,category,,attachment page for .ca product /product/drizzle-dispo-vape-1g/ -> same target as that product (category)
/836-zlab-zpods-assorted-2-ml/,301,attachment,,0,0,https://stclaircannabis.com/items/vapes,category,,attachment page for .ca product /product/zlab-zpods-assorted-2-ml/ -> same target as that product (category)
/854-hash-on-sale-afgan-black-moroccan-turkish/,301,attachment,,0,0,https://stclaircannabis.com/items/concentrates,category,,attachment page for .ca product /product/hash-on-sale-afgan-black-moroccan-turkish/ -> same target as that product (category)
/856-blondie-morocon-hash/,301,attachment,,0,0,https://stclaircannabis.com/items/concentrates,category,,attachment page: no same product on .com; category from slug keywords
/859-grand-cannabis-star-hash-afghan-dark-vader/,301,attachment,,0,0,https://stclaircannabis.com/item/grand-cannabis-star-hash-afghan-dark-vader,exact,,attachment page: same product on .com (grand-cannabis-star-hash-afghan-dark-vader)
/863-hash-3g/,301,attachment,,0,0,https://stclaircannabis.com/items/concentrates,category,,attachment page for .ca product /product/hash-3g/ -> same target as that product (category)
/868-afghan-hash/,301,attachment,,0,0,https://stclaircannabis.com/item/new-afghan-hash,close,,"attachment page: same strain/product, variant/size name on .com (new-afghan-hash); review"
/873-gen-live-resin-1g/,301,attachment,,0,0,https://stclaircannabis.com/items/concentrates,category,,attachment page for .ca product /product/gen-live-resin-1g/ -> same target as that product (category)
/876-resin-tag-along-2g-hybrid-ind-sat/,301,attachment,,0,0,https://stclaircannabis.com/items/concentrates,category,,attachment page for .ca product /product/resin-tag-along-2g-hybrid-ind-sat/ -> same target as that product (category)
/880-2g-dual-chamber-goober-vape-pen/,301,attachment,,0,0,https://stclaircannabis.com/items/vapes,category,,attachment page for .ca product /product/2g-dual-chamber-goober-vape-pen/ -> same target as that product (category)
/883-1-5-goober-thc-vape-pens/,301,attachment,,0,0,https://stclaircannabis.com/items/vapes,category,,attachment page for .ca product /product/1-5-goober-thc-vape-pens/ -> same target as that product (category)
/887-goober-vape-pen-1g/,301,attachment,,0,0,https://stclaircannabis.com/items/vapes,category,,attachment page for .ca product /product/goober-vape-pen-1g/ -> same target as that product (category)
/900-drizzle-diamond-pre-rolls-1g/,301,attachment,,0,0,https://stclaircannabis.com/items/prerolls,category,,attachment page for .ca product /product/drizzle-diamond-pre-rolls-1g/ -> same target as that product (category)
/910-drizzle-delta-d9/,301,attachment,,0,0,https://stclaircannabis.com/items/vapes,category,,attachment page for .ca product /product/drizzle-delta-d9/ -> same target as that product (category)
/920-deadly-moonrock-preroll/,301,attachment,,0,0,https://stclaircannabis.com/items/prerolls,category,,attachment page for .ca product /product/deadly-moonrock-preroll/ -> same target as that product (category)
/9202-critical-kush-ltd-bag/,301,attachment,,0,0,https://stclaircannabis.com/aa-weed,category,,attachment page for .ca product /product/critical-kush-ltd-bag/ -> same target as that product (category)
/9203-granddaddy-purple-ltd-bag/,301,attachment,,0,0,https://stclaircannabis.com/flower/grandaddy-purple-shreds,close,,"attachment page: same strain/product, variant/size name on .com (grandaddy-purple-shreds); review"
/930-knock-out-prerolls-x2-each/,301,attachment,,0,0,https://stclaircannabis.com/items/prerolls,category,,attachment page for .ca product /product/knock-out-prerolls-x2-each/ -> same target as that product (category)
/9330-purple-candy-land-ltd-bag/,301,attachment,,0,0,https://stclaircannabis.com,weak,,attachment page: no product/category signal -> homepage (menu)
/9400-lemon-haze-ltd-bag/,301,attachment,,0,0,https://stclaircannabis.com/premium-weed,category,,attachment page for .ca product /product/lemon-haze-ltd-bag/ -> same target as that product (category)
/9401-pink-bubblegum-ltd-bag/,301,attachment,,0,0,https://stclaircannabis.com,weak,,attachment page: no product/category signal -> homepage (menu)
/9402-blackberry-kush-ltd-bag/,301,attachment,,0,0,https://stclaircannabis.com,weak,,attachment page: no product/category signal -> homepage (menu)
/9501-pink-pinetar-ltd-bag/,301,attachment,,0,0,https://stclaircannabis.com/exotic-weed,category,,attachment page for .ca product /product/pink-pinetar-ltd-bag/ -> same target as that product (category)
/9502-pink-wagyu-star-ltd-bag/,301,attachment,,0,0,https://stclaircannabis.com,weak,,attachment page: no product/category signal -> homepage (menu)
/961-dummy-bears/,301,attachment,,0,0,https://stclaircannabis.com/item/dummy-bears-200mg-2000mg-5000mg,close,,"attachment page: same strain/product, variant/size name on .com (dummy-bears-200mg-2000mg-5000mg); review"
/970-drink-euphoria-ext/,301,attachment,,0,0,https://stclaircannabis.com/items/edibles,category,,attachment page: no same product on .com; category from slug keywords
/999-10-x-premium-mix-cigarettes/,301,attachment,,0,0,https://stclaircannabis.com/items/cigarettes,category,,attachment page: no same product on .com; category from slug keywords
/backwoods/,200,post,BACKWOODS - St. Clair Cannabis,0,0,https://stclaircannabis.com/items/add-ons,category,,no same product on .com; category from slug keywords
/blondie-morocon-hash/,200,post,BLONDIE MOROCON HASH - St. Clair Cannabis,0,0,https://stclaircannabis.com/items/concentrates,category,,no same product on .com; category from slug keywords
/category/uncategorized/,200,wp-page,Uncategorized - St. Clair Cannabis,0,0,https://stclaircannabis.com,weak,,"WP category archive, no equivalent"
/category/uncategorized/page/2/,200,wp-page,Uncategorized - St. Clair Cannabis - Page 2,0,0,https://stclaircannabis.com,weak,,"WP category archive, no equivalent"
/drink-euphoria-ext/,200,post,DRINK EUPHORIA EXT - St. Clair Cannabis,0,0,https://stclaircannabis.com/items/edibles,category,,no same product on .com; category from slug keywords
/grabba-shaker-redrose-red-herring/,200,post,GRABBA SHAKER *RedRose / Red Herring* - St. Clair Cannabis,0,0,https://stclaircannabis.com/item/grabba-shaker-redrose-red-herring-x2-available,close,,"same strain/product, variant/size name on .com (grabba-shaker-redrose-red-herring-x2-available); review"
/grand-cannabis-star-hash-afghan-dark-vader/,200,post,"GRAND CANNABIS- STAR HASH , AFGHAN, DARK VADER - St. Clair Cannabis",0,0,https://stclaircannabis.com/item/grand-cannabis-star-hash-afghan-dark-vader,exact,,same product on .com (grand-cannabis-star-hash-afghan-dark-vader)
/hello-world/,200,wp-page,Hello world! - St. Clair Cannabis,0,0,https://stclaircannabis.com,weak,,"WP default post, no equivalent"
/hero-bg-2-desktop/,301,attachment,,0,0,https://stclaircannabis.com,weak,,"media attachment (site asset, not a product) -> homepage"
/hero-bg-2-mobile/,301,attachment,,0,0,https://stclaircannabis.com,weak,,"media attachment (site asset, not a product) -> homepage"
/hero-bg-3/,301,attachment,,0,0,https://stclaircannabis.com,weak,,"media attachment (site asset, not a product) -> homepage"
/hero-bg/,301,attachment,,0,0,https://stclaircannabis.com,weak,,"media attachment (site asset, not a product) -> homepage"
/knock-out-gummies/,200,post,KNOCK OUT GUMMIES - St. Clair Cannabis,0,0,https://stclaircannabis.com/item/knock-out-gummies,exact,,same product on .com (knock-out-gummies)
/nrthrn-extracts-gummies/,200,post,NRTHRN EXTRACTS GUMMIES - St. Clair Cannabis,0,0,https://stclaircannabis.com/item/nrthrn-extracts-gummies,exact,,same product on .com (nrthrn-extracts-gummies)
/pre-rolls-toronto-dispensary-332424/,301,attachment,,0,0,https://stclaircannabis.com/items/prerolls,category,,media attachment titled pre-rolls -> pre-rolls category
/product/alien-cookies/,200,product,Alien Cookies | AA Cannabis Toronto | St. Clair,0,0,https://stclaircannabis.com/aa-weed,category,,no same product on .com; tier from .ca title
/product/amnesia-haze-1g-sat-pre-roll/,200,product,Amnesia Haze 1g Sat Pre-Roll | Weed Shop Toronto | St. Clair,0,0,https://stclaircannabis.com/item/amnesia-haze-1g-sat-pre-roll,exact,,same product on .com (amnesia-haze-1g-sat-pre-roll)
/product/backwoods/,200,product,Backwoods | Cannabis Cannabis Toronto | St. Clair,0,0,https://stclaircannabis.com/items/add-ons,category,,no same product on .com; category from slug keywords
/product/beast-mode-max-many-flavors/,200,product,Beast Mode Max – Many Flavors | St. Clair Cannabis Toronto,0,0,https://stclaircannabis.com/items/vape-disposables,category,,no same product on .com; category from slug keywords
/product/black-diamonds-%e2%9c%a8sale/,200,product,Black Diamonds ✨sale | AA Cannabis Toronto | St. Clair,0,0,https://stclaircannabis.com/aa-weed,category,,no same product on .com; tier from .ca title
/product/blackberry-haze/,200,product,Blackberry Haze | AAA+ Cannabis Toronto | St. Clair,0,0,https://stclaircannabis.com/aaa-weed,category,,no same product on .com; tier from .ca title
/product/blueberry-og/,200,product,Blueberry Og | AA Cannabis Toronto | St. Clair,0,0,https://stclaircannabis.com/aa-weed,category,,no same product on .com; tier from .ca title
/product/canadian-menthol/,200,product,Canadian Menthol | Cannabis Cannabis Toronto | St. Clair,0,0,https://stclaircannabis.com/item/canadian-menthol,exact,,same product on .com (canadian-menthol)
/product/chem-fire/,200,product,Chem Fire | AA Cannabis Toronto | St. Clair,0,0,https://stclaircannabis.com/aa-weed,category,,no same product on .com; tier from .ca title
/product/dante-inferno/,200,product,Dante Inferno | AA Cannabis Toronto | St. Clair,0,0,https://stclaircannabis.com/flower/dante-inferno,exact,,same product on .com (dante-inferno)
/product/dead-head/,200,product,Dead Head | Exotic Cannabis Toronto | St. Clair,0,0,https://stclaircannabis.com/exotic-weed,category,,no same product on .com; tier from .ca title
/product/death-bubba-ltd-bag/,200,product,Death Bubba LTD Bag | Premium Cannabis Toronto | St. Clair,0,0,https://stclaircannabis.com/premium-weed,category,,no same product on .com; tier from .ca title
/product/death-valley/,200,product,Death Valley | Premium Cannabis Toronto | St. Clair,0,0,https://stclaircannabis.com/flower/death-valley,exact,,same product on .com (death-valley)
/product/diamond-og/,200,product,Diamond Og | AA Cannabis Toronto | St. Clair,0,0,https://stclaircannabis.com/flower/diamond-og,exact,,same product on .com (diamond-og)
/product/drizzle-switch-3in1-1g/,200,product,DRIZZLE SWITCH 3in1 / 1G | Weed Shop Toronto | St. Clair,0,0,https://stclaircannabis.com/item/drizzle-switch-3in1-2g-thcvape,close,,"same strain/product, variant/size name on .com (drizzle-switch-3in1-2g-thcvape); review"
/product/durian-haze/,200,product,Durian Haze | AAA+ Cannabis Toronto | St. Clair,0,0,https://stclaircannabis.com/aaa-weed,category,,no same product on .com; tier from .ca title
/product/elf-23000-5-23k-puffs/,200,product,Elf 23000 – 5% | 23K Puffs | Weed Shop Toronto | St. Clair,0,0,https://stclaircannabis.com/items/vape-disposables,category,,no same product on .com; vape from .ca title
/product/elf-bar-10k/,200,product,Elf Bar 10K | Cannabis Cannabis Toronto | St. Clair,0,0,https://stclaircannabis.com/items/edibles,category,,no same product on .com; category from slug keywords
/product/elf-bar-moonlight-70k/,200,product,Elf Bar Moonlight 70K | Weed Shop Toronto | St. Clair,0,0,https://stclaircannabis.com/items/edibles,category,,no same product on .com; category from slug keywords
/product/elf-bar-prime/,200,product,Elf Bar Prime | Cannabis Cannabis Toronto | St. Clair,0,0,https://stclaircannabis.com/items/edibles,category,,no same product on .com; category from slug keywords
/product/envi-dripn-5-28k-puffs/,200,product,Envi Drip’n – 5% | 28K Puffs | Weed Shop Toronto | St. Clair,0,0,https://stclaircannabis.com/items/vape-disposables,category,,no same product on .com; vape from .ca title
/product/flavour-beast-e-liquid-salt/,200,product,Flavour Beast e-liquid salt | Weed Shop Toronto | St. Clair,0,0,https://stclaircannabis.com/items/vape-disposables,category,,no same product on .com; category from slug keywords
/product/gas-gang-dispo-vape-1g/,200,product,Gas Gang Dispo Vape 1g | Vapes Cannabis Toronto | St. Clair,0,0,https://stclaircannabis.com/items/vapes,category,,no same product on .com; Vapes from .ca title
/product/geek-9000-pulse-2-9k-puffs/,200,product,Geek 9000 Pulse – 2% | 9K Puffs | St. Clair Cannabis Toronto,0,0,https://stclaircannabis.com/items/vape-disposables,category,,no same product on .com; vape from .ca title
/product/geek-promax-5-30k-puffs/,200,product,Geek Promax – 5% | 30K Puffs | Weed Shop Toronto | St. Clair,0,0,https://stclaircannabis.com/items/vape-disposables,category,,no same product on .com; vape from .ca title
/product/gen-live-resin-1g/,200,product,Gen Live Resin 1g | Cannabis Toronto | St. Clair Cannabis,0,0,https://stclaircannabis.com/items/concentrates,category,,no same product on .com; category from slug keywords
/product/gmo-cookies/,200,product,Gmo Cookies | Premium Cannabis Toronto | St. Clair,0,0,https://stclaircannabis.com/premium-weed,category,,no same product on .com; tier from .ca title
/product/gorilla-glue%e2%9c%a8sale/,200,product,Gorilla Glue✨sale | AA Cannabis Toronto | St. Clair,0,0,https://stclaircannabis.com/flower/gorilla-glue-4,close,,"same strain/product, variant/size name on .com (gorilla-glue-4); review"
/product/green-gelato-%e2%9c%a8sale/,200,product,Green Gelato ✨sale | AA Cannabis Toronto | St. Clair,0,0,https://stclaircannabis.com/aa-weed,category,,no same product on .com; tier from .ca title
/product/hash-3g/,200,product,Hash 3g | Concentrates Cannabis Toronto | St. Clair,0,0,https://stclaircannabis.com/items/concentrates,category,,no same product on .com; Concentrates from .ca title
/product/knock-out-prerolls-x2-each/,200,product,KNOCK OUT PREROLLS x2 each | Weed Shop Toronto | St. Clair,0,0,https://stclaircannabis.com/items/prerolls,category,,no same product on .com; category from slug keywords
/product/kraze-luna-many-flavors/,200,product,Kraze Luna – Many Flavors | Weed Shop Toronto | St. Clair,0,0,https://stclaircannabis.com/items/vape-disposables,category,,no same product on .com; category from slug keywords
/product/lavender-kush-ltd-bag/,200,product,Lavender Kush LTD Bag | Weed Shop Toronto | St. Clair,0,0,https://stclaircannabis.com/flower/lavender-kush,close,,"same strain/product, variant/size name on .com (lavender-kush); review"
/product/lemon-haze-ltd-bag/,200,product,Lemon Haze LTD Bag | Premium Cannabis Toronto | St. Clair,0,0,https://stclaircannabis.com/premium-weed,category,,no same product on .com; tier from .ca title
/product/live-resin-gummies-ind-sat-in-assorted-flavors/,200,product,LIVE RESIN GUMMIES IND / SAT in ASSORTED FLAVORS | St…,0,0,https://stclaircannabis.com/items/edibles,category,,no same product on .com; category from slug keywords
/product/maui-wowie-1g-sat-pre-roll/,200,product,Maui Wowie 1g Sat Pre-Roll | Weed Shop Toronto | St. Clair,0,0,https://stclaircannabis.com/item/maui-wowie-1g-sat-pre-roll,exact,,same product on .com (maui-wowie-1g-sat-pre-roll)
/product/morning-mojo/,200,product,Morning Mojo | Premium Cannabis Toronto | St. Clair,0,0,https://stclaircannabis.com/premium-weed,category,,no same product on .com; tier from .ca title
/product/motor-breathe-ltd-bag/,200,product,Motor Breathe LTD Bag | Exotic Cannabis Toronto | St. Clair,0,0,https://stclaircannabis.com/exotic-weed,category,,no same product on .com; tier from .ca title
/product/movement-lv-18k-5-18k-puffs-many-flavors/,200,product,Movement LV 18K – 5% | 18K Puffs | Many Flavors | St…,0,0,https://stclaircannabis.com/items/vape-disposables,category,,no same product on .com; vape from .ca title
/product/mueller-fuel/,200,product,Mueller Fuel | AAA+ Cannabis Toronto | St. Clair,0,0,https://stclaircannabis.com/aaa-weed,category,,no same product on .com; tier from .ca title
/product/nexa-pix-5-35k-puffs-many-flavors/,200,product,Nexa Pix – 5% | 35K Puffs | Many Flavors | St. Clair…,0,0,https://stclaircannabis.com/item/nexa-pix-30k-puffs-many-flavors-nvape,close,,"same strain/product, variant/size name on .com (nexa-pix-30k-puffs-many-flavors-nvape); review"
/product/nexus-full/,200,product,Nexus Full | Cannabis Cannabis Toronto | St. Clair,0,0,https://stclaircannabis.com/item/nexus-full,exact,,same product on .com (nexus-full)
/product/nexus-lights/,200,product,Nexus Lights | Cannabis Cannabis Toronto | St. Clair,0,0,https://stclaircannabis.com/item/nexus-lights,exact,,same product on .com (nexus-lights)
/product/nuken-shreds/,200,product,NUKEN Shreds | Budget Cannabis Toronto | St. Clair,0,0,https://stclaircannabis.com/budget-weed,category,,no same product on .com; tier from .ca title
/product/ovns-10000-5-10k-puffs/,200,product,Ovns 10000 – 5% | 10K Puffs | Weed Shop Toronto | St. Clair,0,0,https://stclaircannabis.com/item/ovns-10000-5-10k-puffs-nvape,close,,"same strain/product, variant/size name on .com (ovns-10000-5-10k-puffs-nvape); review"
/product/ovns-max-5-3k-puffs/,200,product,Ovns Max – 5% | 3K Puffs | Weed Shop Toronto | St. Clair,0,0,https://stclaircannabis.com/items/vape-disposables,category,,no same product on .com; vape from .ca title
/product/ovns-pioneer-5-22k-puffs/,200,product,Ovns Pioneer – 5% | 22K Puffs | St. Clair Cannabis Toronto,0,0,https://stclaircannabis.com/item/ovns-pioneer-5-22k-puffs-nvape,close,,"same strain/product, variant/size name on .com (ovns-pioneer-5-22k-puffs-nvape); review"
/product/page/10/,200,product,Products - St. Clair Cannabis - Page 10,0,0,https://stclaircannabis.com,close,,.ca product listing page -> .com menu (homepage is the menu)
/product/page/11/,200,product,Products - St. Clair Cannabis - Page 11,0,0,https://stclaircannabis.com,close,,.ca product listing page -> .com menu (homepage is the menu)
/product/page/12/,200,product,Products - St. Clair Cannabis - Page 12,0,0,https://stclaircannabis.com,close,,.ca product listing page -> .com menu (homepage is the menu)
/product/page/13/,200,product,Products - St. Clair Cannabis - Page 13,0,0,https://stclaircannabis.com,close,,.ca product listing page -> .com menu (homepage is the menu)
/product/page/14/,200,product,Products - St. Clair Cannabis - Page 14,0,0,https://stclaircannabis.com,close,,.ca product listing page -> .com menu (homepage is the menu)
/product/page/15/,200,product,Products - St. Clair Cannabis - Page 15,0,0,https://stclaircannabis.com,close,,.ca product listing page -> .com menu (homepage is the menu)
/product/page/16/,200,product,Products - St. Clair Cannabis - Page 16,0,0,https://stclaircannabis.com,close,,.ca product listing page -> .com menu (homepage is the menu)
/product/page/17/,200,product,Products - St. Clair Cannabis - Page 17,0,0,https://stclaircannabis.com,close,,.ca product listing page -> .com menu (homepage is the menu)
/product/page/18/,200,product,Products - St. Clair Cannabis - Page 18,0,0,https://stclaircannabis.com,close,,.ca product listing page -> .com menu (homepage is the menu)
/product/page/19/,200,product,Products - St. Clair Cannabis - Page 19,0,0,https://stclaircannabis.com,close,,.ca product listing page -> .com menu (homepage is the menu)
/product/page/2/,200,product,Products - St. Clair Cannabis - Page 2,0,0,https://stclaircannabis.com,close,,.ca product listing page -> .com menu (homepage is the menu)
/product/page/20/,200,product,Products - St. Clair Cannabis - Page 20,0,0,https://stclaircannabis.com,close,,.ca product listing page -> .com menu (homepage is the menu)
/product/page/21/,200,product,Products - St. Clair Cannabis - Page 21,0,0,https://stclaircannabis.com,close,,.ca product listing page -> .com menu (homepage is the menu)
/product/page/22/,200,product,Products - St. Clair Cannabis - Page 22,0,0,https://stclaircannabis.com,close,,.ca product listing page -> .com menu (homepage is the menu)
/product/page/23/,200,product,Products - St. Clair Cannabis - Page 23,0,0,https://stclaircannabis.com,close,,.ca product listing page -> .com menu (homepage is the menu)
/product/page/24/,200,product,Products - St. Clair Cannabis - Page 24,0,0,https://stclaircannabis.com,close,,.ca product listing page -> .com menu (homepage is the menu)
/product/page/25/,200,product,Products - St. Clair Cannabis - Page 25,0,0,https://stclaircannabis.com,close,,.ca product listing page -> .com menu (homepage is the menu)
/product/page/26/,200,product,Products - St. Clair Cannabis - Page 26,0,0,https://stclaircannabis.com,close,,.ca product listing page -> .com menu (homepage is the menu)
/product/page/27/,200,product,Products - St. Clair Cannabis - Page 27,0,0,https://stclaircannabis.com,close,,.ca product listing page -> .com menu (homepage is the menu)
/product/page/28/,200,product,Products - St. Clair Cannabis - Page 28,0,0,https://stclaircannabis.com,close,,.ca product listing page -> .com menu (homepage is the menu)
/product/page/29/,200,product,Products - St. Clair Cannabis - Page 29,0,0,https://stclaircannabis.com,close,,.ca product listing page -> .com menu (homepage is the menu)
/product/page/3/,200,product,Products - St. Clair Cannabis - Page 3,0,0,https://stclaircannabis.com,close,,.ca product listing page -> .com menu (homepage is the menu)
/product/page/30/,200,product,Products - St. Clair Cannabis - Page 30,0,0,https://stclaircannabis.com,close,,.ca product listing page -> .com menu (homepage is the menu)
/product/page/31/,200,product,Products - St. Clair Cannabis - Page 31,0,0,https://stclaircannabis.com,close,,.ca product listing page -> .com menu (homepage is the menu)
/product/page/4/,200,product,Products - St. Clair Cannabis - Page 4,0,0,https://stclaircannabis.com,close,,.ca product listing page -> .com menu (homepage is the menu)
/product/page/5/,200,product,Products - St. Clair Cannabis - Page 5,0,0,https://stclaircannabis.com,close,,.ca product listing page -> .com menu (homepage is the menu)
/product/page/6/,200,product,Products - St. Clair Cannabis - Page 6,0,0,https://stclaircannabis.com,close,,.ca product listing page -> .com menu (homepage is the menu)
/product/page/7/,200,product,Products - St. Clair Cannabis - Page 7,0,0,https://stclaircannabis.com,close,,.ca product listing page -> .com menu (homepage is the menu)
/product/page/8/,200,product,Products - St. Clair Cannabis - Page 8,0,0,https://stclaircannabis.com,close,,.ca product listing page -> .com menu (homepage is the menu)
/product/page/9/,200,product,Products - St. Clair Cannabis - Page 9,0,0,https://stclaircannabis.com,close,,.ca product listing page -> .com menu (homepage is the menu)
/product/peanut-butter-rockstar/,200,product,Peanut Butter Rockstar | Exotic Cannabis Toronto | St. Clair,0,0,https://stclaircannabis.com/exotic-weed,category,,no same product on .com; tier from .ca title
/product/peanut-rockstar/,200,product,Peanut Rockstar | AAA+ Cannabis Toronto | St. Clair,0,0,https://stclaircannabis.com/aaa-weed,category,,no same product on .com; tier from .ca title
/product/pine-tar-kush/,200,product,Pine Tar Kush | Budget Cannabis Toronto | St. Clair,0,0,https://stclaircannabis.com/budget-weed,category,,no same product on .com; tier from .ca title
/product/pink-astro-ltd-bag/,200,product,Pink Astro LTD Bag | Exotic Cannabis Toronto | St. Clair,0,0,https://stclaircannabis.com/exotic-weed,category,,no same product on .com; tier from .ca title
/product/pink-bazooka/,200,product,Pink Bazooka | Exotic Cannabis Toronto | St. Clair,0,0,https://stclaircannabis.com/exotic-weed,category,,no same product on .com; tier from .ca title
/product/pink-bellagio/,200,product,Pink Bellagio | Exotic Cannabis Toronto | St. Clair,0,0,https://stclaircannabis.com/exotic-weed,category,,no same product on .com; tier from .ca title
/product/pink-berry/,200,product,Pink Berry | AA Cannabis Toronto | St. Clair,0,0,https://stclaircannabis.com/aa-weed,category,,no same product on .com; tier from .ca title
/product/pink-biscuits-shreds/,200,product,Pink Biscuits Shreds | Budget Cannabis Toronto | St. Clair,0,0,https://stclaircannabis.com/budget-weed,category,,no same product on .com; tier from .ca title
/product/pink-champagne/,200,product,Pink Champagne | AAA+ Cannabis Toronto | St. Clair,0,0,https://stclaircannabis.com/aaa-weed,category,,no same product on .com; tier from .ca title
/product/pink-deathstar/,200,product,Pink Deathstar | Exotic Cannabis Toronto | St. Clair,0,0,https://stclaircannabis.com/flower/pink-deathstar,exact,,same product on .com (pink-deathstar)
/product/pink-escobar/,200,product,Pink Escobar | AAA+ Cannabis Toronto | St. Clair,0,0,https://stclaircannabis.com/aaa-weed,category,,no same product on .com; tier from .ca title
/product/pink-fire-og/,200,product,Pink Fire Og | AAA+ Cannabis Toronto | St. Clair,0,0,https://stclaircannabis.com/flower/pink-fire-og,exact,,same product on .com (pink-fire-og)
/product/pink-frost/,200,product,Pink Frost | AAA+ Cannabis Toronto | St. Clair,0,0,https://stclaircannabis.com/aaa-weed,category,,no same product on .com; tier from .ca title
/product/pink-gelato/,200,product,Pink Gelato | Premium Cannabis Toronto | St. Clair,0,0,https://stclaircannabis.com/flower/pink-gelato,exact,,same product on .com (pink-gelato)
/product/pink-god-ltd-bag/,200,product,Pink God LTD Bag | Premium Cannabis Toronto | St. Clair,0,0,https://stclaircannabis.com/premium-weed,category,,no same product on .com; tier from .ca title
/product/pink-godfather/,200,product,Pink Godfather | Exotic Cannabis Toronto | St. Clair,0,0,https://stclaircannabis.com/exotic-weed,category,,no same product on .com; tier from .ca title
/product/pink-goo/,200,product,Pink Goo | AAA+ Cannabis Toronto | St. Clair,0,0,https://stclaircannabis.com/aaa-weed,category,,no same product on .com; tier from .ca title
/product/pink-greasy/,200,product,Pink Greasy | AA Cannabis Toronto | St. Clair,0,0,https://stclaircannabis.com/aa-weed,category,,no same product on .com; tier from .ca title
/product/pink-halo-og/,200,product,Pink Halo Og | AAA+ Cannabis Toronto | St. Clair,0,0,https://stclaircannabis.com/aaa-weed,category,,no same product on .com; tier from .ca title
/product/pink-hennessey/,200,product,Pink Hennessey | AAA+ Cannabis Toronto | St. Clair,0,0,https://stclaircannabis.com/aaa-weed,category,,no same product on .com; tier from .ca title
/product/pink-jealousy/,200,product,Pink Jealousy | AAA+ Cannabis Toronto | St. Clair,0,0,https://stclaircannabis.com/aaa-weed,category,,no same product on .com; tier from .ca title
/product/pink-joker/,200,product,Pink Joker | Premium Cannabis Toronto | St. Clair,0,0,https://stclaircannabis.com/premium-weed,category,,no same product on .com; tier from .ca title
/product/pink-kosher-kush-ltd-bag/,200,product,Pink Kosher Kush LTD Bag | AAA+ Cannabis Toronto | St. Clair,0,0,https://stclaircannabis.com/aaa-weed,category,,no same product on .com; tier from .ca title
/product/pink-kush-1g-ind-pr-roll/,200,product,Pink Kush 1g Ind PR-Roll | Weed Shop Toronto | St. Clair,0,0,https://stclaircannabis.com/item/pink-kush-1g-ind-pr-roll,exact,,same product on .com (pink-kush-1g-ind-pr-roll)
/product/pink-kush/,200,product,Pink Kush | AAA+ Cannabis Toronto | St. Clair,0,0,https://stclaircannabis.com/aaa-weed,category,,no same product on .com; tier from .ca title
/product/pink-lizard/,200,product,Pink Lizard | Exotic Cannabis Toronto | St. Clair,0,0,https://stclaircannabis.com/flower/pink-lizard,exact,,same product on .com (pink-lizard)
/product/pink-lobster/,200,product,Pink Lobster | AAA+ Cannabis Toronto | St. Clair,0,0,https://stclaircannabis.com/aaa-weed,category,,no same product on .com; tier from .ca title
/product/pink-master-kush/,200,product,Pink Master Kush | AA Cannabis Toronto | St. Clair,0,0,https://stclaircannabis.com/aa-weed,category,,no same product on .com; tier from .ca title
/product/pink-paralysis/,200,product,Pink Paralysis | Premium Cannabis Toronto | St. Clair,0,0,https://stclaircannabis.com/premium-weed,category,,no same product on .com; tier from .ca title
/product/pink-permanent-marker/,200,product,Pink Permanent Marker | Exotic Cannabis Toronto | St. Clair,0,0,https://stclaircannabis.com/flower/pink-permanent-marker,exact,,same product on .com (pink-permanent-marker)
/product/pink-pinetar-ltd-bag/,200,product,Pink Pinetar LTD Bag | Exotic Cannabis Toronto | St. Clair,0,0,https://stclaircannabis.com/exotic-weed,category,,no same product on .com; tier from .ca title
/product/pink-platinum/,200,product,Pink Platinum | AAA+ Cannabis Toronto | St. Clair,0,0,https://stclaircannabis.com/aaa-weed,category,,no same product on .com; tier from .ca title
/product/pink-predator-1g-ind-pre-roll/,200,product,Pink Predator 1g Ind Pre-Roll | St. Clair Cannabis Toronto,0,0,https://stclaircannabis.com/item/pink-predator-1g-ind-pre-roll,exact,,same product on .com (pink-predator-1g-ind-pre-roll)
/product/pink-rock-star/,200,product,Pink Rock Star | Premium Cannabis Toronto | St. Clair,0,0,https://stclaircannabis.com/premium-weed,category,,no same product on .com; tier from .ca title
/product/pink-rockstar/,200,product,Pink Rockstar | Exotic Cannabis Toronto | St. Clair,0,0,https://stclaircannabis.com/flower/pink-rockstar,exact,,same product on .com (pink-rockstar)
/product/pink-supreme/,200,product,Pink Supreme | Exotic Cannabis Toronto | St. Clair,0,0,https://stclaircannabis.com/flower/pink-supreme,exact,,same product on .com (pink-supreme)
/product/pink-tuna-kush/,200,product,Pink Tuna Kush | Premium Cannabis Toronto | St. Clair,0,0,https://stclaircannabis.com/premium-weed,category,,no same product on .com; tier from .ca title
/product/pink-violator/,200,product,Pink Violator | AAA+ Cannabis Toronto | St. Clair,0,0,https://stclaircannabis.com/flower/pink-violator,exact,,same product on .com (pink-violator)
/product/playfare-ultra-lights/,200,product,Playfare Ultra Lights | Weed Shop Toronto | St. Clair,0,0,https://stclaircannabis.com/items/cigarettes,category,,no same product on .com; category from slug keywords
/product/poison-ivy/,200,product,Poison Ivy | Premium Cannabis Toronto | St. Clair,0,0,https://stclaircannabis.com/premium-weed,category,,no same product on .com; tier from .ca title
/product/pure-michigan/,200,product,Pure Michigan | Exotic Cannabis Toronto | St. Clair,0,0,https://stclaircannabis.com/exotic-weed,category,,no same product on .com; tier from .ca title
/product/purple-oreo-h/,200,product,Purple Oreo (H) | AA Cannabis Toronto | St. Clair,0,0,https://stclaircannabis.com/aa-weed,category,,no same product on .com; tier from .ca title
/product/purple-runtz-ltd-bag/,200,product,Purple Runtz LTD Bag | AAA+ Cannabis Toronto | St. Clair,0,0,https://stclaircannabis.com/aaa-weed,category,,no same product on .com; tier from .ca title
/product/purple-sherbet-shreds/,200,product,PURPLE SHERBET Shreds | Budget Cannabis Toronto | St. Clair,0,0,https://stclaircannabis.com/budget-weed,category,,no same product on .com; tier from .ca title
/product/purple-sunset-sherbert/,200,product,Purple Sunset Sherbert | AAA+ Cannabis Toronto | St. Clair,0,0,https://stclaircannabis.com/aaa-weed,category,,no same product on .com; tier from .ca title
/product/raw-paper-king-size/,200,product,Raw Paper King Size | Cannabis Cannabis Toronto | St. Clair,0,0,https://stclaircannabis.com/item/raw-paper-king-size,exact,,same product on .com (raw-paper-king-size)
/product/red-eye-pink/,200,product,Red Eye Pink | Exotic Cannabis Toronto | St. Clair,0,0,https://stclaircannabis.com/exotic-weed,category,,no same product on .com; tier from .ca title
/product/red-runtz/,200,product,Red Runtz | AA Cannabis Toronto | St. Clair,0,0,https://stclaircannabis.com/aa-weed,category,,no same product on .com; tier from .ca title
/product/rolled-gold-lights/,200,product,Rolled Gold Lights | Cannabis Cannabis Toronto | St. Clair,0,0,https://stclaircannabis.com/item/rolled-gold-lights,exact,,same product on .com (rolled-gold-lights)
/product/stlth-type-c-device/,200,product,STLTH Type-C device | St. Clair Cannabis Toronto,0,0,https://stclaircannabis.com/items/vapes,category,,no same product on .com; category from slug keywords
/product/strawberry-cough-1g-sat-pre-roll/,200,product,Strawberry Cough 1g Sat Pre-Roll | St. Clair Cannabis,0,0,https://stclaircannabis.com/item/strawberry-cough-1g-sat-pre-roll,exact,,same product on .com (strawberry-cough-1g-sat-pre-roll)
/product/sugar-cookies/,200,product,Sugar Cookies | AA Cannabis Toronto | St. Clair,0,0,https://stclaircannabis.com/flower/sugar-cookies,exact,,same product on .com (sugar-cookies)
/product/sugarcane/,200,product,Sugarcane | AAA+ Cannabis Toronto | St. Clair,0,0,https://stclaircannabis.com/aaa-weed,category,,no same product on .com; tier from .ca title
/product/sunburst-haze-sh/,200,product,Sunburst Haze (SH) | Exotic Cannabis Toronto | St. Clair,0,0,https://stclaircannabis.com/exotic-weed,category,,no same product on .com; tier from .ca title
/product/super-mario-kush/,200,product,Super Mario Kush | Premium Cannabis Toronto | St. Clair,0,0,https://stclaircannabis.com/premium-weed,category,,no same product on .com; tier from .ca title
/product/super-pink/,200,product,Super Pink | AAA+ Cannabis Toronto | St. Clair,0,0,https://stclaircannabis.com/aaa-weed,category,,no same product on .com; tier from .ca title
/product/sweet-kush/,200,product,Sweet Kush | AA Cannabis Toronto | St. Clair,0,0,https://stclaircannabis.com/flower/sweet-kush,exact,,same product on .com (sweet-kush)
/product/tahoe-cookies/,200,product,Tahoe Cookies | AAA+ Cannabis Toronto | St. Clair,0,0,https://stclaircannabis.com/aaa-weed,category,,no same product on .com; tier from .ca title
/product/thc-lollipop/,200,product,THC Lollipop | Cannabis Cannabis Toronto | St. Clair,0,0,https://stclaircannabis.com/items/edibles,category,,no same product on .com; category from slug keywords
/product/time-lights/,200,product,Time Lights | Cannabis Cannabis Toronto | St. Clair,0,0,https://stclaircannabis.com/items/cigarettes,category,,no same product on .com; category from slug keywords
/product/tripnotik-gummies-4000mg/,200,product,Tripnotik Gummies 4000mg | Weed Shop Toronto | St. Clair,0,0,https://stclaircannabis.com/item/tripnotik-gummies-4000mg,exact,,same product on .com (tripnotik-gummies-4000mg)
/product/truffle-cake/,200,product,Truffle Cake | Premium Cannabis Toronto | St. Clair,0,0,https://stclaircannabis.com/premium-weed,category,,no same product on .com; tier from .ca title
/product/vanilla-kush/,200,product,Vanilla Kush | AA Cannabis Toronto | St. Clair,0,0,https://stclaircannabis.com/aa-weed,category,,no same product on .com; tier from .ca title
/product/vice-disposable-25k/,200,product,Vice disposable 25k | Vapes Cannabis Toronto | St. Clair,0,0,https://stclaircannabis.com/items/vapes,category,,no same product on .com; Vapes from .ca title
/product/well-spore-co-mushroom-bar/,200,product,Well Spore &amp; Co Mushroom Bar | St. Clair Cannabis,0,0,https://stclaircannabis.com/items/magic,category,,no same product on .com; category from slug keywords
/product/wesley-hot-chocolate-40mg-thc-40mg-cbd-20mg-cbd-20mg-thc/,200,product,WESLEY HOT CHOCOLATE 40mg THC / 40mg CBD / 20mg CBD + 20mg…,0,0,https://stclaircannabis.com/item/wesley-hot-chocolate-40mg-thc-40mg-cbd-20mg-cbd-20mg-thc,exact,,same product on .com (wesley-hot-chocolate-40mg-thc-40mg-cbd-20mg-cbd-20mg-thc)
/product/white-champagne/,200,product,White Champagne | AA Cannabis Toronto | St. Clair,0,0,https://stclaircannabis.com/flower/white-champagne,exact,,same product on .com (white-champagne)
/product/white-shark/,200,product,White Shark | AAA+ Cannabis Toronto | St. Clair,0,0,https://stclaircannabis.com/aaa-weed,category,,no same product on .com; tier from .ca title
/product/white-walker-og/,200,product,White Walker Og | AAA+ Cannabis Toronto | St. Clair,0,0,https://stclaircannabis.com/aaa-weed,category,,no same product on .com; tier from .ca title
/product/zpods-zpods-mango-pineapple-3x2-ml-pods-5-synthetic-nic/,200,product,"ZPods / ZPODS – Mango Pineapple (3×2 mL pods, 5% synthetic…",0,0,https://stclaircannabis.com/items/vapes,category,,no same product on .com; category from slug keywords
/shatter-chews-600-mg/,200,post,SHATTER CHEWS 600 MG - St. Clair Cannabis,0,0,https://stclaircannabis.com/item/shatter-chews-600-mg,exact,,same product on .com (shatter-chews-600-mg)
/st-clair-importer-base64-of-gzip/,301,attachment,,0,0,https://stclaircannabis.com,weak,,"media attachment (site asset, not a product) -> homepage"
/st-clair-main-js/,301,attachment,,0,0,https://stclaircannabis.com,weak,,"media attachment (site asset, not a product) -> homepage"
/stellar-gummies/,200,post,STELLAR GUMMIES - St. Clair Cannabis,0,0,https://stclaircannabis.com/item/stellar-gummies-500mg,close,,"same strain/product, variant/size name on .com (stellar-gummies-500mg); review"
/test/,301,attachment,,0,0,https://stclaircannabis.com,weak,,"media attachment (site asset, not a product) -> homepage"
